name,kind,loc,place,used,copies,tags,modified,size_kb,path
1,MIDI Effect,Pack,Building Max Devices,1,1,,2025-11-20,28,//Volumes/Crucial X9/Remote Music/Ableton/Factory Packs Remote/Building Max Devices/Part 3 - Lessons/6 Debugging/Devices/1.amxd
1 Another input,Audio Effect,Pack,Building Max Devices,1,1,,2025-11-20,76,//Volumes/Crucial X9/Remote Music/Ableton/Factory Packs Remote/Building Max Devices/Part 3 - Lessons/5 Routing and modulating/Devices/1 Another input.amxd
1 Audio signals,Audio Effect,Pack,Building Max Devices,1,1,,2025-11-20,24,//Volumes/Crucial X9/Remote Music/Ableton/Factory Packs Remote/Building Max Devices/Part 3 - Lessons/2 Audio Effects/Devices/1 Audio signals.amxd
1 Listening to Live,MIDI Effect,Pack,Building Max Devices,1,1,,2025-11-20,37,//Volumes/Crucial X9/Remote Music/Ableton/Factory Packs Remote/Building Max Devices/Part 3 - Lessons/4 Controlling Live/Devices/1 Listening to Live.amxd
1 Notes to audio,Instrument,Pack,Building Max Devices,1,1,,2025-11-20,37,//Volumes/Crucial X9/Remote Music/Ableton/Factory Packs Remote/Building Max Devices/Part 3 - Lessons/3 Instruments/Devices/1 Notes to audio.amxd
1 Splitting notes,MIDI Effect,Pack,Building Max Devices,1,1,,2025-11-20,23,//Volumes/Crucial X9/Remote Music/Ableton/Factory Packs Remote/Building Max Devices/Part 3 - Lessons/1 MIDI Effects/Devices/1 Splitting notes.amxd
2,MIDI Effect,Pack,Building Max Devices,1,1,,2025-11-20,30,//Volumes/Crucial X9/Remote Music/Ableton/Factory Packs Remote/Building Max Devices/Part 3 - Lessons/6 Debugging/Devices/2.amxd
2 Mono FM,Instrument,Pack,Building Max Devices,1,1,,2025-11-20,33,//Volumes/Crucial X9/Remote Music/Ableton/Factory Packs Remote/Building Max Devices/Part 3 - Lessons/3 Instruments/Devices/2 Mono FM.amxd
2 Random launching,MIDI Effect,Pack,Building Max Devices,1,1,,2025-11-20,39,//Volumes/Crucial X9/Remote Music/Ableton/Factory Packs Remote/Building Max Devices/Part 3 - Lessons/4 Controlling Live/Devices/2 Random launching.amxd
2 Selecting Parameter,Audio Effect,Pack,Building Max Devices,1,1,,2025-11-20,75,//Volumes/Crucial X9/Remote Music/Ableton/Factory Packs Remote/Building Max Devices/Part 3 - Lessons/5 Routing and modulating/Devices/2 Selecting Parameter.amxd
2 Signal generation,Audio Effect,Pack,Building Max Devices,1,1,,2025-11-20,23,//Volumes/Crucial X9/Remote Music/Ableton/Factory Packs Remote/Building Max Devices/Part 3 - Lessons/2 Audio Effects/Devices/2 Signal generation.amxd
2 UI and Values,MIDI Effect,Pack,Building Max Devices,1,1,,2025-11-20,27,//Volumes/Crucial X9/Remote Music/Ableton/Factory Packs Remote/Building Max Devices/Part 3 - Lessons/1 MIDI Effects/Devices/2 UI and Values.amxd
3,MIDI Effect,Pack,Building Max Devices,1,1,,2025-11-20,33,//Volumes/Crucial X9/Remote Music/Ableton/Factory Packs Remote/Building Max Devices/Part 3 - Lessons/6 Debugging/Devices/3.amxd
3 Event flow,MIDI Effect,Pack,Building Max Devices,1,1,,2025-11-20,23,//Volumes/Crucial X9/Remote Music/Ableton/Factory Packs Remote/Building Max Devices/Part 3 - Lessons/1 MIDI Effects/Devices/3 Event flow.amxd
3 Polyphony,Instrument,Pack,Building Max Devices,1,1,,2025-11-20,39,//Volumes/Crucial X9/Remote Music/Ableton/Factory Packs Remote/Building Max Devices/Part 3 - Lessons/3 Instruments/Devices/3 Polyphony.amxd
3 Remote Control,Audio Effect,Pack,Building Max Devices,1,1,,2025-11-20,82,//Volumes/Crucial X9/Remote Music/Ableton/Factory Packs Remote/Building Max Devices/Part 3 - Lessons/5 Routing and modulating/Devices/3 Remote Control.amxd
3 Showing clip names,MIDI Effect,Pack,Building Max Devices,1,1,,2025-11-20,46,//Volumes/Crucial X9/Remote Music/Ableton/Factory Packs Remote/Building Max Devices/Part 3 - Lessons/4 Controlling Live/Devices/3 Showing clip names.amxd
3 Writing to a buffer,Audio Effect,Pack,Building Max Devices,1,1,,2025-11-20,26,//Volumes/Crucial X9/Remote Music/Ableton/Factory Packs Remote/Building Max Devices/Part 3 - Lessons/2 Audio Effects/Devices/3 Writing to a buffer.amxd
4,MIDI Effect,Pack,Building Max Devices,1,1,,2025-11-20,160,//Volumes/Crucial X9/Remote Music/Ableton/Factory Packs Remote/Building Max Devices/Part 3 - Lessons/6 Debugging/Devices/4.amxd
4 Adding randomness,Audio Effect,Pack,Building Max Devices,1,1,,2025-11-20,57,//Volumes/Crucial X9/Remote Music/Ableton/Factory Packs Remote/Building Max Devices/Part 3 - Lessons/2 Audio Effects/Devices/4 Adding randomness.amxd
4 Copy from Macro Knob,Audio Effect,Pack,Building Max Devices,1,1,,2025-11-20,88,//Volumes/Crucial X9/Remote Music/Ableton/Factory Packs Remote/Building Max Devices/Part 3 - Lessons/5 Routing and modulating/Devices/4 Copy from Macro Knob.amxd
4 Encapsulation,MIDI Effect,Pack,Building Max Devices,1,1,,2025-11-20,30,//Volumes/Crucial X9/Remote Music/Ableton/Factory Packs Remote/Building Max Devices/Part 3 - Lessons/1 MIDI Effects/Devices/4 Encapsulation.amxd
4 Launching earlier,MIDI Effect,Pack,Building Max Devices,1,1,,2025-11-20,52,//Volumes/Crucial X9/Remote Music/Ableton/Factory Packs Remote/Building Max Devices/Part 3 - Lessons/4 Controlling Live/Devices/4 Launching earlier.amxd
4 Polyphony pt2,Instrument,Pack,Building Max Devices,1,1,,2025-11-20,33,//Volumes/Crucial X9/Remote Music/Ableton/Factory Packs Remote/Building Max Devices/Part 3 - Lessons/3 Instruments/Devices/4 Polyphony pt2.amxd
4Xfade,MIDI Effect,Pack,Lost and Found,1,1,,2025-05-25,343,//Volumes/Crucial X9/Remote Music/Ableton/Factory Packs Remote/Lost and Found/Utility/4Xfade.amxd
5,MIDI Effect,Pack,Building Max Devices,1,1,,2025-11-20,27,//Volumes/Crucial X9/Remote Music/Ableton/Factory Packs Remote/Building Max Devices/Part 3 - Lessons/6 Debugging/Devices/5.amxd
5 Adding feedback,Audio Effect,Pack,Building Max Devices,1,1,,2025-11-20,64,//Volumes/Crucial X9/Remote Music/Ableton/Factory Packs Remote/Building Max Devices/Part 3 - Lessons/2 Audio Effects/Devices/5 Adding feedback.amxd
5 Adding progress,MIDI Effect,Pack,Building Max Devices,1,1,,2025-11-20,72,//Volumes/Crucial X9/Remote Music/Ableton/Factory Packs Remote/Building Max Devices/Part 3 - Lessons/4 Controlling Live/Devices/5 Adding progress.amxd
5 Bonus - Push,MIDI Effect,Pack,Building Max Devices,1,1,,2025-11-20,35,//Volumes/Crucial X9/Remote Music/Ableton/Factory Packs Remote/Building Max Devices/Part 3 - Lessons/1 MIDI Effects/Devices/5 Bonus - Push.amxd
5 Next,Instrument,Pack,Building Max Devices,1,1,,2025-11-20,51,//Volumes/Crucial X9/Remote Music/Ableton/Factory Packs Remote/Building Max Devices/Part 3 - Lessons/3 Instruments/Devices/5 Next.amxd
5 Polishing,Audio Effect,Pack,Building Max Devices,1,1,,2025-11-20,247,//Volumes/Crucial X9/Remote Music/Ableton/Factory Packs Remote/Building Max Devices/Part 3 - Lessons/5 Routing and modulating/Devices/5 Polishing.amxd
6 Adding pitch,Audio Effect,Pack,Building Max Devices,1,1,,2025-11-20,95,//Volumes/Crucial X9/Remote Music/Ableton/Factory Packs Remote/Building Max Devices/Part 3 - Lessons/2 Audio Effects/Devices/6 Adding pitch.amxd
6 Bonus - Doubling,Audio Effect,Pack,Building Max Devices,1,1,,2025-11-20,245,//Volumes/Crucial X9/Remote Music/Ableton/Factory Packs Remote/Building Max Devices/Part 3 - Lessons/5 Routing and modulating/Devices/6 Bonus - Doubling.amxd
6 Pitch LFO,Instrument,Pack,Building Max Devices,1,1,,2025-11-20,58,//Volumes/Crucial X9/Remote Music/Ableton/Factory Packs Remote/Building Max Devices/Part 3 - Lessons/3 Instruments/Devices/6 Pitch LFO.amxd
6 Stay in blocks,MIDI Effect,Pack,Building Max Devices,1,1,,2025-11-20,97,//Volumes/Crucial X9/Remote Music/Ableton/Factory Packs Remote/Building Max Devices/Part 3 - Lessons/4 Controlling Live/Devices/6 Stay in blocks.amxd
7 Cleaning up,MIDI Effect,Pack,Building Max Devices,1,1,,2025-11-20,52,//Volumes/Crucial X9/Remote Music/Ableton/Factory Packs Remote/Building Max Devices/Part 3 - Lessons/4 Controlling Live/Devices/7 Cleaning up.amxd
7 Going Stereo,Audio Effect,Pack,Building Max Devices,1,1,,2025-11-20,109,//Volumes/Crucial X9/Remote Music/Ableton/Factory Packs Remote/Building Max Devices/Part 3 - Lessons/2 Audio Effects/Devices/7 Going Stereo.amxd
7 Spread,Instrument,Pack,Building Max Devices,1,1,,2025-11-20,89,//Volumes/Crucial X9/Remote Music/Ableton/Factory Packs Remote/Building Max Devices/Part 3 - Lessons/3 Instruments/Devices/7 Spread.amxd
8 Bonus - UI,MIDI Effect,Pack,Building Max Devices,1,1,,2025-11-20,50,//Volumes/Crucial X9/Remote Music/Ableton/Factory Packs Remote/Building Max Devices/Part 3 - Lessons/4 Controlling Live/Devices/8 Bonus - UI.amxd
8 Multichannel,Audio Effect,Pack,Building Max Devices,1,1,,2025-11-20,100,//Volumes/Crucial X9/Remote Music/Ableton/Factory Packs Remote/Building Max Devices/Part 3 - Lessons/2 Audio Effects/Devices/8 Multichannel.amxd
Aamonoise,Instrument,Elsewhere on disk,Remote Music,1,1,,2025-12-24,80,//Volumes/Crucial X9/Remote Music/Ableton/Downloaded & Third-Party/Remo de Vico M4L devic es and samples/Aamonoise.amxd
Ableton Youtube Player V1 AbletonDrummer,Audio Effect,User Library,User Library,2,1,,2025-04-26,157,//Volumes/Crucial X9/Remote Music/Ableton/User Library/Presets/Audio Effects/Max Audio Effect/Imported/Ableton Youtube Player V1 AbletonDrummer.amxd
After Effects Export,MIDI Effect,Pack,Building Max Devices,1,1,,2025-11-20,23,//Volumes/Crucial X9/Remote Music/Ableton/Factory Packs Remote/Building Max Devices/Part 4 - Examples/Visuals/After Effects Export/Devices/After Effects Export.amxd
Align Delay,Audio Effect,Live factory,Built-in,2,1,Devices|Utility,2026-03-06,72,//Applications/Ableton Live 12 Suite.app/Contents/App-Resources/Builtin/Devices/Audio Effects/Align Delay/Ableton Folder Info/Align Delay.amxd
Antialiased,Instrument,Pack,Building Max Devices,1,1,,2025-11-20,8,//Volumes/Crucial X9/Remote Music/Ableton/Factory Packs Remote/Building Max Devices/Part 4 - Examples/Instruments/Aliasing/Devices/Antialiased.amxd
API Browser,Audio Effect,Pack,Building Max Devices,1,1,,2025-11-20,191,//Volumes/Crucial X9/Remote Music/Ableton/Factory Packs Remote/Building Max Devices/Part 4 - Examples/Controlling Live/API Browser/Devices/API Browser.amxd
Arduino,Audio Effect,Pack,Connection Kit,1,1,,2025-05-25,1817,//Volumes/Crucial X9/Remote Music/Ableton/Factory Packs Remote/Connection Kit/Devices/Arduino.amxd
Arp,MIDI Effect,Pack,Max for Live Essentials,7,1,,2025-10-22,10092,//Volumes/Crucial X9/Remote Music/Ableton/Factory Packs Remote/Max for Live Essentials/Max Midi Effect/Arp.amxd
Arpeggiator,MIDI Effect,Pack,Building Max Devices,1,1,,2025-11-20,36,//Volumes/Crucial X9/Remote Music/Ableton/Factory Packs Remote/Building Max Devices/Part 4 - Examples/MIDI effects/Arpeggiator/Devices/Arpeggiator.amxd
Arrangement Clips,Audio Effect,Pack,Building Max Devices,1,1,,2025-11-20,104,//Volumes/Crucial X9/Remote Music/Ableton/Factory Packs Remote/Building Max Devices/Part 4 - Examples/Controlling Live/Arrangement Clips/Devices/Arrangement Clips.amxd
Arrangement Looper,Audio Effect,Pack,Performance Pack by Iftah,2,1,Devices|Performance & DJ,2025-11-20,240,//Volumes/Crucial X9/Remote Music/Ableton/Factory Packs Remote/Performance Pack by Iftah/Arrangement Looper/Ableton Folder Info/Arrangement Looper.amxd
Automate Rack Macro Variations V1 AbletonDrummer,Audio Effect,User Library,User Library,3,2,,2025-02-16,88,//Volumes/Crucial X9/Remote Music/Ableton/User Library/Presets/Audio Effects/Max Audio Effect/Imported/Automate Rack Macro Variations V1 AbletonDrummer.amxd
AZ-LABS_Pad Slicing Mode 1.1.0,Audio Effect,Elsewhere on disk,Remote Music,1,1,,2016-08-17,286,//Volumes/Crucial X9/Remote Music/Ableton/Downloaded & Third-Party/3rd Party/AZ-LABS_Pad Slicing Mode 1.1.0.amxd
Backspin v1.0.1,Audio Effect,User Library,User Library,2,1,,2025-12-28,1798,//Volumes/Crucial X9/Remote Music/Ableton/User Library/Presets/Audio Effects/Max Audio Effect/Imported/Backspin v1.0.1.amxd
Backspin v1.0.2,Audio Effect,User Library,User Library,2,1,,2026-01-23,2010,//Volumes/Crucial X9/Remote Music/Ableton/User Library/Presets/Audio Effects/Max Audio Effect/Imported/Backspin v1.0.2.amxd
Basic Saw,Instrument,Pack,Building Max Devices,1,1,,2025-11-20,21,//Volumes/Crucial X9/Remote Music/Ableton/Factory Packs Remote/Building Max Devices/Part 2 - Introduction/Devices/Basic Saw.amxd
Bass,Instrument,Pack,Creative Extensions,129,2,Devices|Synthesizer|Virtual Analog,2025-05-25,1803,//Volumes/Crucial X9/Remote Music/Ableton/Factory Packs Remote/Creative Extensions/Instruments/Bass/Ableton Folder Info/Bass.amxd
BEAST Repeat,Audio Effect,User Library,User Library,2,1,,2026-07-24,1059,//Volumes/Crucial X9/Remote Music/Ableton/User Library/BEAST Repeat.amxd
Bell Tower,Instrument,Pack,Building Max Devices,1,1,,2025-11-20,57,//Volumes/Crucial X9/Remote Music/Ableton/Factory Packs Remote/Building Max Devices/Part 3 - Lessons/3 Instruments/Devices/Bell Tower.amxd
Bobop,MIDI Effect,Elsewhere on disk,Remote Music,1,1,,2025-12-24,112,//Volumes/Crucial X9/Remote Music/Ableton/Downloaded & Third-Party/Remo de Vico M4L devic es and samples/Bobop.amxd
Boss DD-3 Digital Delay,Audio Effect,User Library,User Library,3,2,,2025-04-11,42,//Volumes/Crucial X9/Remote Music/Ableton/User Library/Presets/Audio Effects/Max Audio Effect/Imported/Boss DD-3 Digital Delay.amxd
Boss DS-1 Distortion v1.1,Audio Effect,User Library,User Library,3,2,,2025-04-11,123,//Volumes/Crucial X9/Remote Music/Ableton/User Library/Presets/Audio Effects/Max Audio Effect/Imported/Boss DS-1 Distortion v1.1.amxd
Boss GE-7 Equalizer,Audio Effect,User Library,User Library,3,2,,2025-04-11,47,//Volumes/Crucial X9/Remote Music/Ableton/User Library/Presets/Audio Effects/Max Audio Effect/Imported/Boss GE-7 Equalizer.amxd
Boss NS-2 Noise Suppressor,Audio Effect,User Library,User Library,3,2,,2025-04-11,36,//Volumes/Crucial X9/Remote Music/Ableton/User Library/Presets/Audio Effects/Max Audio Effect/Imported/Boss NS-2 Noise Suppressor.amxd
Boss TR-2 Tremolo,Audio Effect,User Library,User Library,3,2,,2025-04-11,29,//Volumes/Crucial X9/Remote Music/Ableton/User Library/Presets/Audio Effects/Max Audio Effect/Imported/Boss TR-2 Tremolo.amxd
Bouncy Notes,MIDI Effect,Pack,Inspired by Nature by Dillon Bastan,34,1,Devices|Generative,2025-05-25,883,//Volumes/Crucial X9/Remote Music/Ableton/Factory Packs Remote/Inspired by Nature by Dillon Bastan/MIDI Effects/Bouncy Notes/Ableton Folder Info/Bouncy Notes.amxd
BROKEN SPHERE,Instrument,Elsewhere on disk,Remote Music,1,1,,2025-12-24,445,//Volumes/Crucial X9/Remote Music/Ableton/Downloaded & Third-Party/Remo de Vico M4L devic es and samples/BROKEN SPHERE.amxd
Buffer Shuffler 2.0,Audio Effect,Pack,Max for Live Essentials,8,2,,2025-10-22,1847,//Volumes/Crucial X9/Remote Music/Ableton/Factory Packs Remote/Max for Live Essentials/Max Audio Effect/Buffer Shuffler/Buffer Shuffler 2.0.amxd
bve.glitchlooper,Audio Effect,User Library,User Library,2,1,,2026-01-16,54,//Volumes/Crucial X9/Remote Music/Ableton/User Library/Presets/Audio Effects/Max Audio Effect/Imported/bve.glitchlooper.amxd
Camera,MIDI Effect,Pack,Connection Kit,1,1,,2025-05-25,340,//Volumes/Crucial X9/Remote Music/Ableton/Factory Packs Remote/Connection Kit/Devices/Camera.amxd
Cascade,Audio Effect,User Library,User Library,2,1,,2026-08-01,108,//Volumes/Crucial X9/Remote Music/Ableton/User Library/Presets/Audio Effects/Max Audio Effect/Imported/Cascade.amxd
cb_rainer 1.6,Instrument,User Library,User Library,3,2,,2026-04-28,641,//Volumes/Crucial X9/Remote Music/Ableton/User Library/Presets/Instruments/Max Instrument/Imported/cb_rainer 1.6.amxd
Cellular Degradation,Instrument,Elsewhere on disk,Remote Music,3,3,,2024-08-15,434,//Volumes/Crucial X9/Remote Music/Ableton/Downloaded & Third-Party/Z Third Party/Cellular Degradation.amxd
Cellular Degradation-1,Instrument,Elsewhere on disk,Remote Music,1,1,,2024-09-14,434,//Volumes/Crucial X9/Remote Music/Ableton/Downloaded & Third-Party/Z Third Party/Cellular Degradation-1.amxd
Channel EQ,Audio Effect,Pack,Building Max Devices,1,1,,2025-11-20,83,//Volumes/Crucial X9/Remote Music/Ableton/Factory Packs Remote/Building Max Devices/Part 4 - Examples/Audio effects/ChannelEQ/Devices/Channel EQ.amxd
ChannelStrip,Audio Effect,User Library,User Library,3,2,,2024-08-09,1252,//Volumes/Crucial X9/Remote Music/Ableton/User Library/Presets/Audio Effects/Max Audio Effect/Imported/ChannelStrip.amxd
ChannelStrip-1,Audio Effect,User Library,User Library,1,1,,2024-09-02,1252,//Volumes/Crucial X9/Remote Music/Ableton/User Library/Presets/Audio Effects/Max Audio Effect/Imported/ChannelStrip-1.amxd
Chorb,MIDI Effect,User Library,User Library,2,1,,2026-06-03,165,//Volumes/Crucial X9/Remote Music/Ableton/User Library/Presets/MIDI Effects/Max MIDI Effect/Imported/Chorb.amxd
Chord Generator,MIDI Effect,User Library,User Library,1,1,,2025-12-23,84,//Volumes/Crucial X9/Remote Music/Ableton/User Library/Presets/Instruments/MIDI Effects/Chord Generator.amxd
Chorus,Audio Effect,Pack,Building Max Devices,1,1,,2025-11-20,39,//Volumes/Crucial X9/Remote Music/Ableton/Factory Packs Remote/Building Max Devices/Part 4 - Examples/Audio effects/Chorus/Devices/Chorus.amxd
Colette Synth,Instrument,Elsewhere on disk,Remote Music,1,1,,2025-12-24,4006,//Volumes/Crucial X9/Remote Music/Ableton/Downloaded & Third-Party/Remo de Vico M4L devic es and samples/Colette Synth.amxd
Color,Audio Effect,Pack,Stray Cats Collection by Max for Cats,20,1,,2025-05-25,13179,//Volumes/Crucial X9/Remote Music/Ableton/Factory Packs Remote/Stray Cats Collection by Max for Cats/Audio Effects/Color.amxd
Color Limiter,Audio Effect,Pack,Creative Extensions,16,2,Devices|Dynamics,2025-05-25,225,//Volumes/Crucial X9/Remote Music/Ableton/Factory Packs Remote/Creative Extensions/Audio Effects/Color Limiter/Ableton Folder Info/Color Limiter.amxd
Colour,Audio Effect,User Library,User Library,2,1,,2024-08-15,47,//Volumes/Crucial X9/Remote Music/Ableton/User Library/Presets/Audio Effects/Max Audio Effect/Imported/Colour.amxd
ConChord,MIDI Effect,Pack,Stray Cats Collection by Max for Cats,17,1,,2025-05-25,2399,//Volumes/Crucial X9/Remote Music/Ableton/Factory Packs Remote/Stray Cats Collection by Max for Cats/MIDI Effects/ConChord.amxd
Concrete Sequencer,Instrument,Elsewhere on disk,Remote Music,1,1,,2025-12-24,44,//Volumes/Crucial X9/Remote Music/Ableton/Downloaded & Third-Party/Remo de Vico M4L devic es and samples/Concrete Sequencer.amxd
Contemporary texture,Audio Effect,User Library,User Library,4,3,,2025-02-06,65,//Volumes/Crucial X9/Remote Music/Ableton/User Library/Presets/Audio Effects/Max Audio Effect/Imported/Contemporary texture.amxd
Convolution Reverb,Audio Effect,Pack,Convolution Reverb,822,3,Devices|Reverb,2025-05-25,3730,//Volumes/Crucial X9/Remote Music/Ableton/Factory Packs Remote/Convolution Reverb/Convolution Reverb/Ableton Folder Info/Convolution Reverb.amxd
Convolution Reverb Pro,Audio Effect,Pack,Convolution Reverb,60,5,Devices|Reverb,2025-05-25,5795,//Volumes/Crucial X9/Remote Music/Ableton/Factory Packs Remote/Convolution Reverb/Convolution Reverb Pro/Ableton Folder Info/Convolution Reverb Pro.amxd
Copy Machine,Instrument,User Library,User Library,3,2,,2025-02-16,298,//Volumes/Crucial X9/Remote Music/Ableton/User Library/Presets/Instruments/Max Instrument/Imported/Copy Machine.amxd
Copy Machine 1.2 ,Instrument,Project copy,Remote Music,1,1,,2025-02-14,310,//Volumes/Crucial X9/Remote Music/Ableton/Downloaded & Third-Party/3rd Party/ADM 100 Year Old Piano Project/Copy Machine 1.2 .amxd
Coral,MIDI Effect,User Library,User Library,1,1,,2025-12-23,52,//Volumes/Crucial X9/Remote Music/Ableton/User Library/Presets/Instruments/MIDI Effects/Max MIDI Effect/Imported/Coral.amxd
Crap Cassette v1.0,Audio Effect,User Library,User Library,2,1,,2026-04-01,266,//Volumes/Crucial X9/Remote Music/Ableton/User Library/Presets/Audio Effects/Max Audio Effect/Imported/Crap Cassette v1.0.amxd
Crazy Tempo,MIDI Effect,Elsewhere on disk,Remote Music,1,1,,2025-12-24,23,//Volumes/Crucial X9/Remote Music/Ableton/Downloaded & Third-Party/Remo de Vico M4L devic es and samples/Crazy Tempo.amxd
Crush,Instrument,Elsewhere on disk,Remote Music,2,2,,2024-03-21,476,//Volumes/Crucial X9/Remote Music/Ableton/Downloaded & Third-Party/Z Third Party/Crush.amxd
Custom Note Off,MIDI Effect,Pack,Upright Piano by Spitfire Audio,1,1,,2025-05-25,87,//Volumes/Crucial X9/Remote Music/Ableton/Factory Packs Remote/Upright Piano by Spitfire Audio/Utility/Custom Note Off.amxd
CV Clock In,Audio Effect,Pack,CV Tools,2,1,Devices|Utility,2025-11-20,321,//Volumes/Crucial X9/Remote Music/Ableton/Factory Packs Remote/CV Tools/CV Utilities/CV Clock In/Ableton Folder Info/CV Clock In.amxd
CV Clock Out,Audio Effect,Pack,CV Tools,4,1,Devices|Utility,2025-11-20,226,//Volumes/Crucial X9/Remote Music/Ableton/Factory Packs Remote/CV Tools/CV Utilities/CV Clock Out/Ableton Folder Info/CV Clock Out.amxd
CV Envelope Follower,Audio Effect,Pack,CV Tools,4,1,Devices|Modulator,2025-11-20,623,//Volumes/Crucial X9/Remote Music/Ableton/Factory Packs Remote/CV Tools/CV Modulation/CV Envelope Follower/Ableton Folder Info/CV Envelope Follower.amxd
CV In,Audio Effect,Pack,CV Tools,2,1,Devices|Modulator,2025-11-20,3686,//Volumes/Crucial X9/Remote Music/Ableton/Factory Packs Remote/CV Tools/CV Modulation/CV In/Ableton Folder Info/CV In.amxd
CV Instrument,Instrument,Pack,CV Tools,8,1,Devices|Hardware Control,2025-11-20,5442,//Volumes/Crucial X9/Remote Music/Ableton/Factory Packs Remote/CV Tools/CV Instruments/CV Instrument/Ableton Folder Info/CV Instrument.amxd
CV LFO,Audio Effect,Pack,CV Tools,6,1,Devices|Modulator,2025-11-20,508,//Volumes/Crucial X9/Remote Music/Ableton/Factory Packs Remote/CV Tools/CV Modulation/CV LFO/Ableton Folder Info/CV LFO.amxd
CV Shaper,Audio Effect,Pack,CV Tools,2,1,Devices|Modulator,2025-11-20,525,//Volumes/Crucial X9/Remote Music/Ableton/Factory Packs Remote/CV Tools/CV Modulation/CV Shaper/Ableton Folder Info/CV Shaper.amxd
CV Triggers,Instrument,Pack,CV Tools,3,1,Devices|Hardware Control,2025-11-20,1745,//Volumes/Crucial X9/Remote Music/Ableton/Factory Packs Remote/CV Tools/CV Instruments/CV Triggers/Ableton Folder Info/CV Triggers.amxd
CV Utility,Audio Effect,Pack,CV Tools,2,1,Devices|Utility,2025-11-20,445,//Volumes/Crucial X9/Remote Music/Ableton/Factory Packs Remote/CV Tools/CV Utilities/CV Utility/Ableton Folder Info/CV Utility.amxd
Cycle Variations Up + Down V1 AbletonDrummer,Audio Effect,User Library,User Library,3,2,,2025-02-16,115,//Volumes/Crucial X9/Remote Music/Ableton/User Library/Presets/Audio Effects/Max Audio Effect/Imported/Cycle Variations Up + Down V1 AbletonDrummer.amxd
Delay,Audio Effect,Pack,Building Max Devices,1,1,,2025-11-20,61,//Volumes/Crucial X9/Remote Music/Ableton/Factory Packs Remote/Building Max Devices/Part 4 - Examples/Audio effects/Delay/Devices/Delay.amxd
Device Randomizer,Audio Effect,Pack,Max for Live Essentials,1,1,,2025-10-22,590,//Volumes/Crucial X9/Remote Music/Ableton/Factory Packs Remote/Max for Live Essentials/Max Audio Effect/Control Devices/Device Randomizer.amxd
Disintegration-v0.3.1,Audio Effect,User Library,User Library,2,1,,2026-07-23,54,//Volumes/Crucial X9/Remote Music/Ableton/User Library/Presets/Audio Effects/Max Audio Effect/Imported/Disintegration-v0.3.1.amxd
Dr Chaos,MIDI Effect,Pack,Probability Pack by Sonic Faction,0,1,,2025-05-25,7673,//Volumes/Crucial X9/Remote Music/Ableton/Factory Packs Remote/Probability Pack by Sonic Faction/Dr Chaos.amxd
DR01D,Instrument,User Library,User Library,3,2,,2025-08-28,424,//Volumes/Crucial X9/Remote Music/Ableton/User Library/Presets/Instruments/Max Instrument/Imported/DR01D.amxd
DROP IN PITCH,Audio Effect,Elsewhere on disk,Remote Music,1,1,,2025-12-24,335,//Volumes/Crucial X9/Remote Music/Ableton/Downloaded & Third-Party/Remo de Vico M4L devic es and samples/DROP IN PITCH.amxd
Drox Free C,Audio Effect,Elsewhere on disk,Remote Music,1,1,,2025-12-24,256,//Volumes/Crucial X9/Remote Music/Ableton/Downloaded & Third-Party/Remo de Vico M4L devic es and samples/Drox Free C.amxd
Drox II Free,Audio Effect,User Library,User Library,3,2,,2025-10-26,239,//Volumes/Crucial X9/Remote Music/Ableton/User Library/Presets/Audio Effects/Max Audio Effect/Imported/Drox II Free.amxd
Drox II Pro,Audio Effect,User Library,User Library,2,1,,2026-07-24,764,//Volumes/Crucial X9/Remote Music/Ableton/User Library/Presets/Audio Effects/Max Audio Effect/Imported/Drox II Pro.amxd
DrumBrain,MIDI Effect,User Library,User Library,1,1,,2025-12-23,366,//Volumes/Crucial X9/Remote Music/Ableton/User Library/Presets/Instruments/MIDI Effects/Max MIDI Effect/Imported/DrumBrain.amxd
DrumSynth Clap,Instrument,Pack,Max for Live Essentials,12,1,,2025-10-22,268,//Volumes/Crucial X9/Remote Music/Ableton/Factory Packs Remote/Max for Live Essentials/Max Instrument/DrumSynth/Cells/DrumSynth Clap.amxd
DrumSynth Clave,Instrument,Pack,Max for Live Essentials,15,1,,2025-10-22,193,//Volumes/Crucial X9/Remote Music/Ableton/Factory Packs Remote/Max for Live Essentials/Max Instrument/DrumSynth/Cells/DrumSynth Clave.amxd
DrumSynth Cymbal,Instrument,Pack,Max for Live Essentials,10,1,,2025-10-22,258,//Volumes/Crucial X9/Remote Music/Ableton/Factory Packs Remote/Max for Live Essentials/Max Instrument/DrumSynth/Cells/DrumSynth Cymbal.amxd
DrumSynth FM2,Instrument,Pack,Max for Live Essentials,10,1,,2025-10-22,182,//Volumes/Crucial X9/Remote Music/Ableton/Factory Packs Remote/Max for Live Essentials/Max Instrument/DrumSynth/Cells/DrumSynth FM2.amxd
DrumSynth FMPerc,Instrument,Pack,Max for Live Essentials,11,1,,2025-10-22,480,//Volumes/Crucial X9/Remote Music/Ableton/Factory Packs Remote/Max for Live Essentials/Max Instrument/DrumSynth/Cells/DrumSynth FMPerc.amxd
DrumSynth Glass,Instrument,Pack,Max for Live Essentials,14,1,,2025-10-22,149,//Volumes/Crucial X9/Remote Music/Ableton/Factory Packs Remote/Max for Live Essentials/Max Instrument/DrumSynth/Cells/DrumSynth Glass.amxd
DrumSynth HH,Instrument,Pack,Max for Live Essentials,15,1,,2025-10-22,141,//Volumes/Crucial X9/Remote Music/Ableton/Factory Packs Remote/Max for Live Essentials/Max Instrument/DrumSynth/Cells/DrumSynth HH.amxd
DrumSynth Kick,Instrument,Pack,Max for Live Essentials,14,1,,2025-10-22,361,//Volumes/Crucial X9/Remote Music/Ableton/Factory Packs Remote/Max for Live Essentials/Max Instrument/DrumSynth/Cells/DrumSynth Kick.amxd
DrumSynth Kplus,Instrument,Pack,Max for Live Essentials,9,1,,2025-10-22,222,//Volumes/Crucial X9/Remote Music/Ableton/Factory Packs Remote/Max for Live Essentials/Max Instrument/DrumSynth/Cells/DrumSynth Kplus.amxd
DrumSynth Shaker,Instrument,Pack,Max for Live Essentials,12,1,,2025-10-22,159,//Volumes/Crucial X9/Remote Music/Ableton/Factory Packs Remote/Max for Live Essentials/Max Instrument/DrumSynth/Cells/DrumSynth Shaker.amxd
DrumSynth Snare,Instrument,Pack,Max for Live Essentials,13,1,,2025-10-22,333,//Volumes/Crucial X9/Remote Music/Ableton/Factory Packs Remote/Max for Live Essentials/Max Instrument/DrumSynth/Cells/DrumSynth Snare.amxd
DrumSynth Snare2,Instrument,Pack,Max for Live Essentials,13,1,,2025-10-22,267,//Volumes/Crucial X9/Remote Music/Ableton/Factory Packs Remote/Max for Live Essentials/Max Instrument/DrumSynth/Cells/DrumSynth Snare2.amxd
DrumSynth Tom,Instrument,Pack,Max for Live Essentials,12,1,,2025-10-22,344,//Volumes/Crucial X9/Remote Music/Ableton/Factory Packs Remote/Max for Live Essentials/Max Instrument/DrumSynth/Cells/DrumSynth Tom.amxd
DS Clang,Instrument,Live factory,Built-in,3,1,Devices|Drums,2026-03-06,97,//Applications/Ableton Live 12 Suite.app/Contents/App-Resources/Builtin/Devices/Instruments/Drum Synth/DS Clang/Ableton Folder Info/DS Clang.amxd
DS Clap,Instrument,Live factory,Built-in,3,1,Devices|Drums,2026-03-06,123,//Applications/Ableton Live 12 Suite.app/Contents/App-Resources/Builtin/Devices/Instruments/Drum Synth/DS Clap/Ableton Folder Info/DS Clap.amxd
DS Cymbal,Instrument,Live factory,Built-in,3,1,Devices|Drums,2026-03-06,81,//Applications/Ableton Live 12 Suite.app/Contents/App-Resources/Builtin/Devices/Instruments/Drum Synth/DS Cymbal/Ableton Folder Info/DS Cymbal.amxd
DS FM,Instrument,Live factory,Built-in,3,1,Devices|Drums,2026-03-06,73,//Applications/Ableton Live 12 Suite.app/Contents/App-Resources/Builtin/Devices/Instruments/Drum Synth/DS FM/Ableton Folder Info/DS FM.amxd
DS HH,Instrument,Live factory,Built-in,3,1,Devices|Drums,2026-03-06,47,//Applications/Ableton Live 12 Suite.app/Contents/App-Resources/Builtin/Devices/Instruments/Drum Synth/DS HH/Ableton Folder Info/DS HH.amxd
DS Kick,Instrument,Live factory,Built-in,4,1,Devices|Drums,2026-03-06,95,//Applications/Ableton Live 12 Suite.app/Contents/App-Resources/Builtin/Devices/Instruments/Drum Synth/DS Kick/Ableton Folder Info/DS Kick.amxd
DS Sampler,Instrument,Live factory,Built-in,1,1,,2026-03-06,429,//Applications/Ableton Live 12 Suite.app/Contents/App-Resources/Builtin/Devices/Instruments/Drum Synth/DS Sampler/Ableton Folder Info/DS Sampler.amxd
DS Snare,Instrument,Live factory,Built-in,3,1,Devices|Drums,2026-03-06,82,//Applications/Ableton Live 12 Suite.app/Contents/App-Resources/Builtin/Devices/Instruments/Drum Synth/DS Snare/Ableton Folder Info/DS Snare.amxd
DS Tom,Instrument,Live factory,Built-in,3,1,Devices|Drums,2026-03-06,146,//Applications/Ableton Live 12 Suite.app/Contents/App-Resources/Builtin/Devices/Instruments/Drum Synth/DS Tom/Ableton Folder Info/DS Tom.amxd
Dust,Instrument,Project copy,Remote Music,19,1,,2026-06-22,982,//Volumes/Crucial X9/Remote Music/Ableton/Downloaded & Third-Party/3rd Party/Opal Project/Dust.amxd
E.VO.E.,Audio Effect,Elsewhere on disk,Remote Music,1,1,,2025-12-24,68,//Volumes/Crucial X9/Remote Music/Ableton/Downloaded & Third-Party/Remo de Vico M4L devic es and samples/E.VO.E..amxd
Emit,Instrument,Pack,Inspired by Nature by Dillon Bastan,34,1,Devices|Synthesizer|Granular,2025-05-25,2080,//Volumes/Crucial X9/Remote Music/Ableton/Factory Packs Remote/Inspired by Nature by Dillon Bastan/Instruments/Emit/Ableton Folder Info/Emit.amxd
Envelope,MIDI Effect,Pack,Max for Live Essentials,1,1,,2025-10-22,303,//Volumes/Crucial X9/Remote Music/Ableton/Factory Packs Remote/Max for Live Essentials/Max Midi Effect/Control Devices MIDI/Envelope.amxd
Envelope Follower,Audio Effect,Live factory,Built-in,8,2,Devices|Modulator,2026-07-14,513,//Applications/Ableton Live 12 Suite.app/Contents/App-Resources/Builtin/Devices/Audio Effects/Envelope Follower/Ableton Folder Info/Envelope Follower.amxd
Envelope MIDI,MIDI Effect,Live factory,Built-in,7,1,Devices|Modulator,2026-07-14,491,//Applications/Ableton Live 12 Suite.app/Contents/App-Resources/Builtin/Devices/MIDI Effects/Envelope MIDI/Ableton Folder Info/Envelope MIDI.amxd
Euclidean,Max Note Generator,Live factory,Built-in,0,1,,2026-03-06,318,//Applications/Ableton Live 12 Suite.app/Contents/App-Resources/Builtin/Devices/MIDI Tools/Generators/Euclidean/Euclidean.amxd
Excite,Audio Effect,User Library,User Library,2,1,,2024-08-15,65,//Volumes/Crucial X9/Remote Music/Ableton/User Library/Presets/Audio Effects/Max Audio Effect/Imported/Excite.amxd
Expression Control,MIDI Effect,Live factory,Built-in,3,2,Devices|Modulator,2026-07-14,600,//Applications/Ableton Live 12 Suite.app/Contents/App-Resources/Builtin/Devices/MIDI Effects/Expression Control/Expression Control/Ableton Folder Info/Expression Control.amxd
Expression Control Legacy,MIDI Effect,Live factory,Built-in,1,1,,2026-03-06,490,//Applications/Ableton Live 12 Suite.app/Contents/App-Resources/Builtin/Devices/MIDI Effects/Expression Control/Expression Control Legacy/Ableton Folder Info/Expression Control Legacy.amxd
Expressive Chords,MIDI Effect,Pack,Expressive Chords,55,1,Devices|Generative,2025-11-26,1872,//Volumes/Crucial X9/Remote Music/Ableton/Factory Packs Remote/Expressive Chords/Expressive Chords/Ableton Folder Info/Expressive Chords.amxd
Expressive Chords 1.1,MIDI Effect,User Library,User Library,2,2,,2025-12-23,1858,//Volumes/Crucial X9/Remote Music/Ableton/User Library/Presets/Instruments/MIDI Effects/Max MIDI Effect/Imported/Expressive Chords 1.1.amxd
EYESYNTH,Instrument,Elsewhere on disk,Remote Music,1,1,,2025-12-24,438,//Volumes/Crucial X9/Remote Music/Ableton/Downloaded & Third-Party/Remo de Vico M4L devic es and samples/EYESYNTH.amxd
False Memory v0.4,Audio Effect,User Library,User Library,2,1,,2026-08-05,384,//Volumes/Crucial X9/Remote Music/Ableton/User Library/Presets/Audio Effects/Max Audio Effect/Imported/False Memory v0.4.amxd
Filler,MIDI Effect,Pack,Building Max Devices,1,1,,2025-11-20,71,//Volumes/Crucial X9/Remote Music/Ableton/Factory Packs Remote/Building Max Devices/Part 1 - Tour/Devices/Filler.amxd
Filter,Audio Effect,User Library,User Library,2,1,,2024-08-15,50,//Volumes/Crucial X9/Remote Music/Ableton/User Library/Presets/Audio Effects/Max Audio Effect/Imported/Filter.amxd
Filter Drum Machine 1.0,Instrument,Elsewhere on disk,Remote Music,1,1,,2025-12-24,162,//Volumes/Crucial X9/Remote Music/Ableton/Downloaded & Third-Party/Remo de Vico M4L devic es and samples/Filter Drum Machine 1.0.amxd
Filter Glass,Audio Effect,User Library,User Library,5,4,,2025-02-07,40,//Volumes/Crucial X9/Remote Music/Ableton/User Library/Presets/Audio Effects/Max Audio Effect/Imported/Filter Glass.amxd
FilterStereoDelays,Audio Effect,Project copy,Remote Music,1,1,,2026-02-15,291,//Volumes/Crucial X9/Remote Music/Ableton/Downloaded & Third-Party/FilterDelayDemo Project/MAX Audio FX/Delay/FilterStereoDelays.amxd
Flanger,Audio Effect,Pack,Building Max Devices,1,1,,2025-11-20,64,//Volumes/Crucial X9/Remote Music/Ableton/Factory Packs Remote/Building Max Devices/Part 4 - Examples/Audio effects/Flanger/Devices/Flanger.amxd
Flow Demo,MIDI Effect,User Library,User Library,7,1,,2023-09-28,739,//Volumes/Crucial X9/Remote Music/Ableton/User Library/Devices/Flow Demo/Flow Demo.amxd
FM SAMPLER,Instrument,Elsewhere on disk,Remote Music,1,1,,2025-12-24,75,//Volumes/Crucial X9/Remote Music/Ableton/Downloaded & Third-Party/Remo de Vico M4L devic es and samples/FM SAMPLER.amxd
FM Waveform 2.0,Instrument,Elsewhere on disk,Remote Music,1,1,,2025-12-24,75,//Volumes/Crucial X9/Remote Music/Ableton/Downloaded & Third-Party/Remo de Vico M4L devic es and samples/FM Waveform 2.0.amxd
Fractal Filters,Audio Effect,Elsewhere on disk,Remote Music,3,3,,2024-08-15,375,//Volumes/Crucial X9/Remote Music/Ableton/Downloaded & Third-Party/Z Third Party/Fractal Filters.amxd
Friend,Instrument,User Library,User Library,2,1,,2026-06-03,2887,//Volumes/Crucial X9/Remote Music/Ableton/User Library/Presets/Instruments/Max Instrument/Imported/Friend.amxd
Fuses,Instrument,Elsewhere on disk,Remote Music,1,1,,2025-12-24,203,//Volumes/Crucial X9/Remote Music/Ableton/Downloaded & Third-Party/Remo de Vico M4L devic es and samples/Fuses.amxd
Game of Live,MIDI Effect,Pack,Building Max Devices,1,1,,2025-11-20,47,//Volumes/Crucial X9/Remote Music/Ableton/Factory Packs Remote/Building Max Devices/Part 4 - Examples/Push/Game of Live/Game of Live.amxd
Gated Delay,Audio Effect,Pack,Creative Extensions,15,2,Devices|Modulation,2025-05-25,392,//Volumes/Crucial X9/Remote Music/Ableton/Factory Packs Remote/Creative Extensions/Audio Effects/Gated Delay/Ableton Folder Info/Gated Delay.amxd
Geiger LFO,Audio Effect,User Library,User Library,2,1,,2025-04-26,1455,//Volumes/Crucial X9/Remote Music/Ableton/User Library/Presets/Audio Effects/Max Audio Effect/Imported/Geiger LFO.amxd
Gem,Instrument,Project copy,Remote Music,25,1,,2026-06-22,998,//Volumes/Crucial X9/Remote Music/Ableton/Downloaded & Third-Party/3rd Party/Opal Project/Gem.amxd
GLITCH LOOP,Audio Effect,User Library,User Library,4,3,,2025-02-07,2811,//Volumes/Crucial X9/Remote Music/Ableton/User Library/Presets/Audio Effects/Max Audio Effect/Imported/GLITCH LOOP.amxd
Glitchera,Audio Effect,User Library,User Library,2,1,,2026-01-16,76,//Volumes/Crucial X9/Remote Music/Ableton/User Library/Presets/Audio Effects/Max Audio Effect/Imported/Glitchera.amxd
Grain Cloud Simpler,Instrument,Pack,Building Max Devices,1,1,,2025-11-20,82,//Volumes/Crucial X9/Remote Music/Ableton/Factory Packs Remote/Building Max Devices/Part 4 - Examples/Instruments/Grain Cloud Simpler/Devices/Grain Cloud Simpler.amxd
GrainFreeze,Audio Effect,User Library,User Library,2,1,,2024-01-27,276,//Volumes/Crucial X9/Remote Music/Ableton/User Library/Presets/Audio Effects/Max Audio Effect/Imported/GrainFreeze.amxd
Granulator II,Instrument,Pack,M4L Granulator II,13,1,,2025-05-25,1207,//Volumes/Crucial X9/Remote Music/Ableton/Factory Packs Remote/M4L Granulator II/Granulator II/Granulator II.amxd
Granulator III,Instrument,Pack,Granulator III,66,4,Devices|Synthesizer|Granular,2025-05-25,22581,//Volumes/Crucial X9/Remote Music/Ableton/Factory Packs Remote/Granulator III/Granulator III/Ableton Folder Info/Granulator III.amxd
GranulatorFollow II,Instrument,Pack,M4L Granulator II,1,1,,2025-05-25,594,//Volumes/Crucial X9/Remote Music/Ableton/Factory Packs Remote/M4L Granulator II/Granulator II/GranulatorFollow II.amxd
GranulatorInput II,Audio Effect,Pack,M4L Granulator II,1,1,,2025-05-25,105,//Volumes/Crucial X9/Remote Music/Ableton/Factory Packs Remote/M4L Granulator II/Granulator II/GranulatorInput II.amxd
Graphic Sequencer,MIDI Effect,Elsewhere on disk,Remote Music,1,1,,2025-12-24,76,//Volumes/Crucial X9/Remote Music/Ableton/Downloaded & Third-Party/Remo de Vico M4L devic es and samples/Graphic Sequencer.amxd
Group Start,MIDI Effect,Pack,String Quartet by Spitfire Audio,2,2,,2025-05-25,74,//Volumes/Crucial X9/Remote Music/Ableton/Factory Packs Remote/String Quartet by Spitfire Audio/Utility/Group Start.amxd
HarmoAdaptFilter J74,MIDI Effect,User Library,User Library,1,1,,2025-12-23,283,//Volumes/Crucial X9/Remote Music/Ableton/User Library/Presets/Instruments/MIDI Effects/J74HarmoTools_v1_stal_5231/J74 HarmoTools - Max for Live patches for Ableton Live/AdaptFilter/HarmoAdaptFilter J74.amxd
HarmoChord J74,MIDI Effect,User Library,User Library,2,2,,2025-12-23,794,//Volumes/Crucial X9/Remote Music/Ableton/User Library/Presets/Instruments/MIDI Effects/J74HarmoTools_v1_stal_5231/J74 HarmoTools - Max for Live patches for Ableton Live/HarmoChord J74.amxd
HarmoChordBass J74,MIDI Effect,User Library,User Library,1,1,,2025-12-23,186,//Volumes/Crucial X9/Remote Music/Ableton/User Library/Presets/Instruments/MIDI Effects/J74HarmoTools_v1_stal_5231/J74 HarmoTools - Max for Live patches for Ableton Live/Other Devices/HarmoChordBass J74.amxd
HarmoChordFilter J74,MIDI Effect,User Library,User Library,2,2,,2025-12-23,384,//Volumes/Crucial X9/Remote Music/Ableton/User Library/Presets/Instruments/MIDI Effects/J74HarmoTools_v1_stal_5231/J74 HarmoTools - Max for Live patches for Ableton Live/HarmoChordFilter J74.amxd
HarmoChordFilterAPI J74,MIDI Effect,User Library,User Library,1,1,,2025-12-23,187,//Volumes/Crucial X9/Remote Music/Ableton/User Library/Presets/Instruments/MIDI Effects/J74HarmoTools_v1_stal_5231/J74 HarmoTools - Max for Live patches for Ableton Live/Legacy Devices/HarmoChordFilterAPI J74.amxd
HarmoChordNotesOut J74,MIDI Effect,User Library,User Library,1,1,,2025-12-23,136,//Volumes/Crucial X9/Remote Music/Ableton/User Library/Presets/Instruments/MIDI Effects/J74HarmoTools_v1_stal_5231/J74 HarmoTools - Max for Live patches for Ableton Live/Network/HarmoChordNotesOut J74.amxd
HarmoChordRecv J74,MIDI Effect,User Library,User Library,1,1,,2025-12-23,11,//Volumes/Crucial X9/Remote Music/Ableton/User Library/Presets/Instruments/MIDI Effects/J74HarmoTools_v1_stal_5231/J74 HarmoTools - Max for Live patches for Ableton Live/Network/HarmoChordRecv J74.amxd
HarmoChordSend J74,MIDI Effect,User Library,User Library,1,1,,2025-12-23,19,//Volumes/Crucial X9/Remote Music/Ableton/User Library/Presets/Instruments/MIDI Effects/J74HarmoTools_v1_stal_5231/J74 HarmoTools - Max for Live patches for Ableton Live/Network/HarmoChordSend J74.amxd
HarmoDisplay J74,MIDI Effect,User Library,User Library,1,1,,2025-12-23,43,//Volumes/Crucial X9/Remote Music/Ableton/User Library/Presets/Instruments/MIDI Effects/J74HarmoTools_v1_stal_5231/J74 HarmoTools - Max for Live patches for Ableton Live/Display/HarmoDisplay J74.amxd
HarmoDisplayGuitar J74,MIDI Effect,User Library,User Library,1,1,,2025-12-23,1486,//Volumes/Crucial X9/Remote Music/Ableton/User Library/Presets/Instruments/MIDI Effects/J74HarmoTools_v1_stal_5231/J74 HarmoTools - Max for Live patches for Ableton Live/Guitar/HarmoDisplayGuitar J74.amxd
HarmoGuessScale J74,MIDI Effect,User Library,User Library,2,2,,2025-12-23,1396,//Volumes/Crucial X9/Remote Music/Ableton/User Library/Presets/Instruments/MIDI Effects/J74HarmoTools_v1_stal_5231/J74 HarmoTools - Max for Live patches for Ableton Live/Guess/HarmoGuessScale J74.amxd
Harmonic Drone Generator,Instrument,Pack,Drone Lab,5,1,,2025-05-25,423,//Volumes/Crucial X9/Remote Music/Ableton/Factory Packs Remote/Drone Lab/Instruments/Harmonic Drone Generator/Harmonic Drone Generator.amxd
HarmoPadFilter J74,MIDI Effect,User Library,User Library,1,1,,2025-12-23,392,//Volumes/Crucial X9/Remote Music/Ableton/User Library/Presets/Instruments/MIDI Effects/J74HarmoTools_v1_stal_5231/J74 HarmoTools - Max for Live patches for Ableton Live/Other Devices/HarmoPadFilter J74.amxd
HarmoScale J74,MIDI Effect,User Library,User Library,1,1,,2025-12-23,55,//Volumes/Crucial X9/Remote Music/Ableton/User Library/Presets/Instruments/MIDI Effects/J74HarmoTools_v1_stal_5231/J74 HarmoTools - Max for Live patches for Ableton Live/HarmoScale J74.amxd
HarmoScale2Chords J74,MIDI Effect,User Library,User Library,1,1,,2025-12-23,1850,//Volumes/Crucial X9/Remote Music/Ableton/User Library/Presets/Instruments/MIDI Effects/J74HarmoTools_v1_stal_5231/J74 HarmoTools - Max for Live patches for Ableton Live/Scale2Chords/HarmoScale2Chords J74.amxd
HarmoScaleFilter J74,MIDI Effect,User Library,User Library,2,2,,2025-12-23,317,//Volumes/Crucial X9/Remote Music/Ableton/User Library/Presets/Instruments/MIDI Effects/J74HarmoTools_v1_stal_5231/J74 HarmoTools - Max for Live patches for Ableton Live/HarmoScaleFilter J74.amxd
HarmoScaleFilterAPI J74,MIDI Effect,User Library,User Library,1,1,,2025-12-23,188,//Volumes/Crucial X9/Remote Music/Ableton/User Library/Presets/Instruments/MIDI Effects/J74HarmoTools_v1_stal_5231/J74 HarmoTools - Max for Live patches for Ableton Live/Legacy Devices/HarmoScaleFilterAPI J74.amxd
HarmoScaleRecv J74,MIDI Effect,User Library,User Library,1,1,,2025-12-23,11,//Volumes/Crucial X9/Remote Music/Ableton/User Library/Presets/Instruments/MIDI Effects/J74HarmoTools_v1_stal_5231/J74 HarmoTools - Max for Live patches for Ableton Live/Network/HarmoScaleRecv J74.amxd
HarmoScaleSend J74,MIDI Effect,User Library,User Library,1,1,,2025-12-23,19,//Volumes/Crucial X9/Remote Music/Ableton/User Library/Presets/Instruments/MIDI Effects/J74HarmoTools_v1_stal_5231/J74 HarmoTools - Max for Live patches for Ableton Live/Network/HarmoScaleSend J74.amxd
HarmoTonicFilter J74,MIDI Effect,User Library,User Library,1,1,,2025-12-23,66,//Volumes/Crucial X9/Remote Music/Ableton/User Library/Presets/Instruments/MIDI Effects/J74HarmoTools_v1_stal_5231/J74 HarmoTools - Max for Live patches for Ableton Live/Other Devices/HarmoTonicFilter J74.amxd
Hocket 2,MIDI Effect,User Library,User Library,2,2,,2025-12-23,496,//Volumes/Crucial X9/Remote Music/Ableton/User Library/Presets/Instruments/MIDI Effects/Max MIDI Effect/Imported/Hocket 2.amxd
html instruments,Instrument,User Library,User Library,3,2,,2026-07-21,1848,//Volumes/Crucial X9/Remote Music/Ableton/User Library/Presets/Instruments/Max Instrument/Imported/html instruments.amxd
Human LFO,Audio Effect,Pack,Building Max Devices,1,1,,2025-11-20,83,//Volumes/Crucial X9/Remote Music/Ableton/Factory Packs Remote/Building Max Devices/Part 2 - Introduction/Devices/Human LFO.amxd
Humanizer,MIDI Effect,Pack,Building Max Devices,1,1,,2025-11-20,44,//Volumes/Crucial X9/Remote Music/Ableton/Factory Packs Remote/Building Max Devices/Part 4 - Examples/MIDI effects/Humanizer/Devices/Humanizer.amxd
ICEBERG,Instrument,Elsewhere on disk,Remote Music,1,1,,2025-12-24,4566,//Volumes/Crucial X9/Remote Music/Ableton/Downloaded & Third-Party/Remo de Vico M4L devic es and samples/ICEBERG.amxd
Image2Wavetable,Audio Effect,User Library,User Library,3,2,,2024-08-15,1973,//Volumes/Crucial X9/Remote Music/Ableton/User Library/Presets/Audio Effects/Max Audio Effect/Imported/Image2Wavetable.amxd
Image2Wavetable-1,Audio Effect,User Library,User Library,1,1,,2024-09-14,1973,//Volumes/Crucial X9/Remote Music/Ableton/User Library/Presets/Audio Effects/Max Audio Effect/Imported/Image2Wavetable-1.amxd
Inflation,Audio Effect,User Library,User Library,3,2,,2025-08-03,194,//Volumes/Crucial X9/Remote Music/Ableton/User Library/Presets/Audio Effects/Max Audio Effect/Imported/Inflation.amxd
Inflation(OS),Audio Effect,User Library,User Library,3,2,,2025-08-03,223,//Volumes/Crucial X9/Remote Music/Ableton/User Library/Presets/Audio Effects/Max Audio Effect/Imported/Inflation(OS).amxd
Instant Haus,MIDI Effect,Pack,Max for Live Essentials,1,1,,2025-10-22,811,//Volumes/Crucial X9/Remote Music/Ableton/Factory Packs Remote/Max for Live Essentials/Max Midi Effect/Instant Haus.amxd
Introduction,Instrument,Pack,Building Max Devices,1,1,,2025-11-20,2,//Volumes/Crucial X9/Remote Music/Ableton/Factory Packs Remote/Building Max Devices/Part 3 - Lessons/7 Final result/Devices/Introduction.amxd
IR Measurement Device,Audio Effect,Pack,Convolution Reverb,3,2,Devices|Utility,2025-05-25,2087,//Volumes/Crucial X9/Remote Music/Ableton/Factory Packs Remote/Convolution Reverb/IR Measurement Device/Ableton Folder Info/IR Measurement Device.amxd
Irrational Delay,Audio Effect,User Library,User Library,4,3,,2025-02-07,3823,//Volumes/Crucial X9/Remote Music/Ableton/User Library/Presets/Audio Effects/Max Audio Effect/Imported/Irrational Delay.amxd
j11-tone-Resonator v1,Audio Effect,User Library,User Library,3,1,,2025-06-07,768,//Volumes/Crucial X9/Remote Music/Ableton/User Library/Presets/Audio Effects/Max Audio Effect/Imported/j11-tone-Resonator v1.amxd
j90 1.5,Audio Effect,User Library,User Library,2,1,,2025-06-07,360,//Volumes/Crucial X9/Remote Music/Ableton/User Library/Presets/Audio Effects/Max Audio Effect/Imported/j90 1.5.amxd
j90 1.7,Audio Effect,User Library,User Library,2,1,,2025-12-14,32,//Volumes/Crucial X9/Remote Music/Ableton/User Library/Presets/Audio Effects/Max Audio Effect/Imported/j90 1.7.amxd
jBBL v3.3,Audio Effect,User Library,User Library,2,1,,2025-06-07,672,//Volumes/Crucial X9/Remote Music/Ableton/User Library/Presets/Audio Effects/Max Audio Effect/Imported/jBBL v3.3.amxd
jBi-Phase v2.7,Audio Effect,User Library,User Library,2,1,,2025-06-07,546,//Volumes/Crucial X9/Remote Music/Ableton/User Library/Presets/Audio Effects/Max Audio Effect/Imported/jBi-Phase v2.7.amxd
jChorus-6 v1.3,Audio Effect,User Library,User Library,2,1,,2025-06-07,241,//Volumes/Crucial X9/Remote Music/Ableton/User Library/Presets/Audio Effects/Max Audio Effect/Imported/jChorus-6 v1.3.amxd
jChorus-6 v1.4,Audio Effect,User Library,User Library,2,1,,2025-12-14,237,//Volumes/Crucial X9/Remote Music/Ableton/User Library/Presets/Audio Effects/Max Audio Effect/Imported/jChorus-6 v1.4.amxd
jDisperser3 v1.1,Audio Effect,User Library,User Library,2,1,,2025-06-07,764,//Volumes/Crucial X9/Remote Music/Ableton/User Library/Presets/Audio Effects/Max Audio Effect/Imported/jDisperser3 v1.1.amxd
JG.MultibandDelay,Audio Effect,User Library,User Library,2,1,,2025-05-25,2383,//Volumes/Crucial X9/Remote Music/Ableton/User Library/Presets/Audio Effects/Max Audio Effect/Imported/JG.MultibandDelay.amxd
JG.SpectralDelay,Audio Effect,User Library,User Library,2,1,,2025-05-25,1603,//Volumes/Crucial X9/Remote Music/Ableton/User Library/Presets/Audio Effects/Max Audio Effect/Imported/JG.SpectralDelay.amxd
jKnob v1.6,Audio Effect,User Library,User Library,2,1,,2025-06-07,148,//Volumes/Crucial X9/Remote Music/Ableton/User Library/Presets/Audio Effects/Max Audio Effect/Imported/jKnob v1.6.amxd
jL3v3ll3r v1.4,Audio Effect,User Library,User Library,2,1,,2025-06-07,429,//Volumes/Crucial X9/Remote Music/Ableton/User Library/Presets/Audio Effects/Max Audio Effect/Imported/jL3v3ll3r v1.4.amxd
jLeslie v2.8,Audio Effect,User Library,User Library,2,1,,2025-06-07,625,//Volumes/Crucial X9/Remote Music/Ableton/User Library/Presets/Audio Effects/Max Audio Effect/Imported/jLeslie v2.8.amxd
jMackie-Feedback v4.0,Audio Effect,User Library,User Library,2,1,,2025-06-07,460,//Volumes/Crucial X9/Remote Music/Ableton/User Library/Presets/Audio Effects/Max Audio Effect/Imported/jMackie-Feedback v4.0.amxd
jOdyssey v5.2,Instrument,User Library,User Library,2,1,,2025-06-07,1179,//Volumes/Crucial X9/Remote Music/Ableton/User Library/Presets/Instruments/Max Instrument/Imported/jOdyssey v5.2.amxd
jOdyssey v6.0,Instrument,User Library,User Library,2,1,,2025-12-14,1185,//Volumes/Crucial X9/Remote Music/Ableton/User Library/Presets/Instruments/Max Instrument/Imported/jOdyssey v6.0.amxd
jPalme v1.2,Audio Effect,User Library,User Library,2,1,,2025-06-07,625,//Volumes/Crucial X9/Remote Music/Ableton/User Library/Presets/Audio Effects/Max Audio Effect/Imported/jPalme v1.2.amxd
jPalme3 v1.2,Audio Effect,User Library,User Library,2,1,,2025-12-14,86,//Volumes/Crucial X9/Remote Music/Ableton/User Library/Presets/Audio Effects/Max Audio Effect/Imported/jPalme3 v1.2.amxd
jPro v1.2,Instrument,User Library,User Library,2,1,,2025-12-14,324,//Volumes/Crucial X9/Remote Music/Ableton/User Library/Presets/Instruments/Max Instrument/Imported/jPro v1.2.amxd
jRat v2.0,Audio Effect,User Library,User Library,2,1,,2025-06-07,173,//Volumes/Crucial X9/Remote Music/Ableton/User Library/Presets/Audio Effects/Max Audio Effect/Imported/jRat v2.0.amxd
jRat v3.1,Audio Effect,User Library,User Library,2,1,,2025-12-14,11029,//Volumes/Crucial X9/Remote Music/Ableton/User Library/Presets/Audio Effects/Max Audio Effect/Imported/jRat v3.1.amxd
JSON Video,Audio Effect,Pack,Connection Kit,1,1,,2025-05-25,72,//Volumes/Crucial X9/Remote Music/Ableton/Factory Packs Remote/Connection Kit/Devices/JSON Video.amxd
JSON Weather,Audio Effect,Pack,Connection Kit,1,1,,2025-05-25,191,//Volumes/Crucial X9/Remote Music/Ableton/Factory Packs Remote/Connection Kit/Devices/JSON Weather.amxd
jSpring-Tank v1.3,Audio Effect,User Library,User Library,2,1,,2025-12-14,41,//Volumes/Crucial X9/Remote Music/Ableton/User Library/Presets/Audio Effects/Max Audio Effect/Imported/jSpring-Tank v1.3.amxd
jTap 3.1,Audio Effect,User Library,User Library,2,1,,2025-06-07,278,//Volumes/Crucial X9/Remote Music/Ableton/User Library/Presets/Audio Effects/Max Audio Effect/Imported/jTap 3.1.amxd
Key-Detector,MIDI Effect,User Library,User Library,2,1,,2026-04-19,4,//Volumes/Crucial X9/Remote Music/Ableton/User Library/Presets/MIDI Effects/Max MIDI Effect/Key-Detector.amxd
KGlitch,Audio Effect,User Library,User Library,2,1,,2026-01-16,84,//Volumes/Crucial X9/Remote Music/Ableton/User Library/Presets/Audio Effects/Max Audio Effect/Imported/KGlitch.amxd
L.ObliqueStrategies.v1.2,MIDI Effect,User Library,User Library,1,1,,2025-12-23,26,//Volumes/Crucial X9/Remote Music/Ableton/User Library/Presets/Instruments/MIDI Effects/Max MIDI Effect/Imported/L.ObliqueStrategies.v1.2.amxd
Labyrinth Seq 1.0.0,MIDI Effect,User Library,User Library,1,1,,2025-12-23,423,//Volumes/Crucial X9/Remote Music/Ableton/User Library/Presets/Instruments/MIDI Effects/Max MIDI Effect/Imported/Labyrinth Seq 1.0.0.amxd
LanzaroteVerb,Audio Effect,Project copy,Remote Music,1,1,,2026-02-16,144,//Volumes/Crucial X9/Remote Music/Ableton/Downloaded & Third-Party/LanzaroteVerbDemo Project/MAX Audio FX/Reverb/LanzaroteVerb.amxd
Launcher,MIDI Effect,Pack,Building Max Devices,1,1,,2025-11-20,56,//Volumes/Crucial X9/Remote Music/Ableton/Factory Packs Remote/Building Max Devices/Part 3 - Lessons/4 Controlling Live/Devices/Launcher.amxd
Learn Chords,Audio Effect,User Library,User Library,1,1,,2025-12-23,129,//Volumes/Crucial X9/Remote Music/Ableton/User Library/Presets/Instruments/MIDI Effects/J74HarmoTools_v1_stal_5231/J74 - JC - Learn/Learn Chords.amxd
Learn Scales,Audio Effect,User Library,User Library,1,1,,2025-12-23,181,//Volumes/Crucial X9/Remote Music/Ableton/User Library/Presets/Instruments/MIDI Effects/J74HarmoTools_v1_stal_5231/J74 - JC - Learn/Learn Scales.amxd
LEGO MINDSTORMS EV3,MIDI Effect,Pack,Connection Kit,1,1,,2025-05-25,1473,//Volumes/Crucial X9/Remote Music/Ableton/Factory Packs Remote/Connection Kit/Devices/LEGO MINDSTORMS EV3.amxd
LFO,Audio Effect,Live factory,Built-in,11,2,Devices|Modulator,2026-07-14,530,//Applications/Ableton Live 12 Suite.app/Contents/App-Resources/Builtin/Devices/Audio Effects/LFO/Ableton Folder Info/LFO.amxd
LFO MIDI,MIDI Effect,Pack,Max for Live Essentials,1,1,,2025-10-22,495,//Volumes/Crucial X9/Remote Music/Ableton/Factory Packs Remote/Max for Live Essentials/Max Midi Effect/Control Devices MIDI/LFO MIDI.amxd
LFO Random,Audio Effect,User Library,User Library,2,1,,2024-07-15,1063,//Volumes/Crucial X9/Remote Music/Ableton/User Library/Presets/Audio Effects/Max Audio Effect/Imported/LFO Random.amxd
LFO Random-1,Audio Effect,User Library,User Library,2,2,,2024-07-15,1063,//Volumes/Crucial X9/Remote Music/Ableton/User Library/Presets/Audio Effects/Max Audio Effect/Imported/LFO Random-1.amxd
Limiter,Audio Effect,Pack,Building Max Devices,1,1,,2025-11-20,27,//Volumes/Crucial X9/Remote Music/Ableton/Factory Packs Remote/Building Max Devices/Part 4 - Examples/Audio effects/Limiter/Devices/Limiter.amxd
littleBits,Audio Effect,Pack,Connection Kit,1,1,,2025-05-25,1921,//Volumes/Crucial X9/Remote Music/Ableton/Factory Packs Remote/Connection Kit/Devices/littleBits.amxd
LiveCrusher,Audio Effect,Elsewhere on disk,Remote Music,1,1,,2024-08-30,74,//Volumes/Crucial X9/Remote Music/Ableton/Downloaded & Third-Party/LiveCrusher 1.0/LiveCrusher.amxd
Lode,Instrument,User Library,User Library,4,3,,2026-06-21,162,//Volumes/Crucial X9/Remote Music/Ableton/User Library/Lode.amxd
LoFi_ver2_w_Stereo,Audio Effect,Elsewhere on disk,Remote Music,2,2,,2023-12-29,189,//Volumes/Crucial X9/Remote Music/Ableton/Downloaded & Third-Party/Z Third Party/LoFi_v3_w_Stereo/LoFi_ver2_w_Stereo.amxd
Logistic Mod,Audio Effect,Elsewhere on disk,Remote Music,4,4,,2024-08-15,384,//Volumes/Crucial X9/Remote Music/Ableton/Downloaded & Third-Party/Z Third Party/Logistic Mod.amxd
Lood,Instrument,User Library,User Library,2,1,,2026-06-21,161,//Volumes/Crucial X9/Remote Music/Ableton/User Library/Presets/Instruments/Max Instrument/Imported/Lood.amxd
Looper,Audio Effect,Pack,Building Max Devices,1,1,,2025-11-20,136,//Volumes/Crucial X9/Remote Music/Ableton/Factory Packs Remote/Building Max Devices/Part 4 - Examples/Audio effects/Looper/Devices/Looper.amxd
M2TM Chords,Max Note Generator,User Library,User Library,0,3,,2025-06-11,200,//Volumes/Crucial X9/Remote Music/Ableton/User Library/MIDI Tools/Max Generators/M2TM Chords.amxd
M2TM Chords DV,MIDI Effect,User Library,User Library,2,2,,2025-12-23,209,//Volumes/Crucial X9/Remote Music/Ableton/User Library/Presets/Instruments/MIDI Effects/Max MIDI Effect/Imported/M2TM Chords DV.amxd
M2TM Commands,Max Note Transformation,Elsewhere on disk,Remote Music,0,2,,2025-01-31,327,//Volumes/Crucial X9/Remote Music/Ableton/Downloaded & Third-Party/Z Third Party/M2TM Commands.amxd
M2TM Notes,Max Note Generator,User Library,User Library,0,4,,2025-07-18,268,//Volumes/Crucial X9/Remote Music/Ableton/User Library/MIDI Tools/Max Generators/M2TM Notes.amxd
M2TM Progressions,Max Note Generator,User Library,User Library,0,2,,2025-06-11,246,//Volumes/Crucial X9/Remote Music/Ableton/User Library/MIDI Tools/Max Generators/M2TM Progressions.amxd
Macro Knob,Audio Effect,Pack,Building Max Devices,1,1,,2025-11-20,179,//Volumes/Crucial X9/Remote Music/Ableton/Factory Packs Remote/Building Max Devices/Part 1 - Tour/Devices/Macro Knob.amxd
Magnabelt v1.0,Instrument,User Library,User Library,3,2,,2026-08-17,246,//Volumes/Crucial X9/Remote Music/Ableton/User Library/Presets/Instruments/Max Instrument/Imported/Magnabelt v1.0.amxd
Manual Tape v0.2.1,Instrument,User Library,User Library,3,2,,2026-08-11,73,//Volumes/Crucial X9/Remote Music/Ableton/User Library/Presets/Instruments/Max Instrument/Imported/Manual Tape v0.2.1.amxd
Map8,Audio Effect,Pack,Max for Live Essentials,1,1,,2025-10-22,452,//Volumes/Crucial X9/Remote Music/Ableton/Factory Packs Remote/Max for Live Essentials/Max Audio Effect/Control Devices/Map8.amxd
Mapping,Audio Effect,Pack,Building Max Devices,1,1,,2025-11-20,38,//Volumes/Crucial X9/Remote Music/Ableton/Factory Packs Remote/Building Max Devices/Part 4 - Examples/Controlling Live/Mapping/Devices/Mapping.amxd
Mapr16x2,Audio Effect,User Library,User Library,3,1,,2025-11-30,1392,//Volumes/Crucial X9/Remote Music/Ableton/User Library/Presets/Audio Effects/Max Audio Effect/Imported/Mapr16x2.amxd
Markov Variations,Audio Effect,Elsewhere on disk,Remote Music,1,1,,2023-12-30,814,//Volumes/Crucial X9/Remote Music/Ableton/Downloaded & Third-Party/Z Third Party/Dillon Bastan Free Device Bundle/Markov Variations v1.0.3/Markov Variations/Markov Variations.amxd
Mass,Instrument,Project copy,Remote Music,30,1,,2026-06-22,1023,//Volumes/Crucial X9/Remote Music/Ableton/Downloaded & Third-Party/3rd Party/Opal Project/Mass.amxd
Max AutoPanner,Audio Effect,Pack,The Forge by Hecq,1,1,,2025-05-25,39,//Volumes/Crucial X9/Remote Music/Ableton/Factory Packs Remote/The Forge by Hecq/Max Audio Effects/Max AutoPanner.amxd
Max CombFilter,Audio Effect,Pack,The Forge by Hecq,1,1,,2025-05-25,52,//Volumes/Crucial X9/Remote Music/Ableton/Factory Packs Remote/The Forge by Hecq/Max Audio Effects/Max CombFilter.amxd
Max Compressor,Audio Effect,Pack,The Forge by Hecq,1,1,,2025-05-25,126,//Volumes/Crucial X9/Remote Music/Ableton/Factory Packs Remote/The Forge by Hecq/Max Audio Effects/Max Compressor.amxd
Max DelayTaps,Audio Effect,Pack,The Forge by Hecq,1,1,,2025-05-25,206,//Volumes/Crucial X9/Remote Music/Ableton/Factory Packs Remote/The Forge by Hecq/Max Audio Effects/Max DelayTaps.amxd
Max SpectralHarm,Audio Effect,Pack,The Forge by Hecq,1,1,,2025-05-25,171,//Volumes/Crucial X9/Remote Music/Ableton/Factory Packs Remote/The Forge by Hecq/Max Audio Effects/Max SpectralHarm.amxd
MDD___ARPOoO_V2,MIDI Effect,User Library,User Library,1,1,,2025-12-23,249,//Volumes/Crucial X9/Remote Music/Ableton/User Library/Presets/Instruments/MIDI Effects/Max MIDI Effect/Imported/MDD___ARPOoO_V2.amxd
MDD___SNAKE_V3.2.3,MIDI Effect,User Library,User Library,1,1,,2025-12-23,3673,//Volumes/Crucial X9/Remote Music/Ableton/User Library/Presets/Instruments/MIDI Effects/Max MIDI Effect/Imported/MDD___SNAKE_V3.2.3.amxd
MDD_MARIONNETTE_1.3,MIDI Effect,User Library,User Library,1,1,,2025-12-23,2350,//Volumes/Crucial X9/Remote Music/Ableton/User Library/Presets/Instruments/MIDI Effects/Max MIDI Effect/Imported/MDD_MARIONNETTE_1.3.amxd
Melodic Probability,MIDI Effect,Pack,Probability Pack by Sonic Faction,0,1,,2025-05-25,7672,//Volumes/Crucial X9/Remote Music/Ableton/Factory Packs Remote/Probability Pack by Sonic Faction/Melodic Probability.amxd
Melodic Steps,MIDI Effect,Pack,Creative Extensions,9,1,Devices|Sequencer,2025-05-25,949,//Volumes/Crucial X9/Remote Music/Ableton/Factory Packs Remote/Creative Extensions/MIDI Effects/Melodic Steps/Ableton Folder Info/Melodic Steps.amxd
MFA Audio Cycler,Audio Effect,User Library,User Library,2,1,,2024-08-15,865,//Volumes/Crucial X9/Remote Music/Ableton/User Library/Presets/Audio Effects/Max Audio Effect/Imported/MFA Audio Cycler.amxd
MFA Audio S&H,Audio Effect,User Library,User Library,2,1,,2024-08-15,726,//Volumes/Crucial X9/Remote Music/Ableton/User Library/Presets/Audio Effects/Max Audio Effect/Imported/MFA Audio S&H.amxd
MFA Audiodubber,Audio Effect,User Library,User Library,2,1,,2024-08-15,793,//Volumes/Crucial X9/Remote Music/Ableton/User Library/Presets/Audio Effects/Max Audio Effect/Imported/MFA Audiodubber.amxd
MFA Autodubber,Audio Effect,User Library,User Library,2,1,,2024-08-15,1024,//Volumes/Crucial X9/Remote Music/Ableton/User Library/Presets/Audio Effects/Max Audio Effect/Imported/MFA Autodubber.amxd
MFA Cheat Code,MIDI Effect,User Library,User Library,1,1,,2025-12-23,527,//Volumes/Crucial X9/Remote Music/Ableton/User Library/Presets/Instruments/MIDI Effects/Max MIDI Effect/Imported/MFA Cheat Code.amxd
MFA Cosmus,Audio Effect,User Library,User Library,2,1,,2024-08-15,461,//Volumes/Crucial X9/Remote Music/Ableton/User Library/Presets/Audio Effects/Max Audio Effect/Imported/MFA Cosmus.amxd
MFA Errata,Audio Effect,User Library,User Library,2,1,,2024-09-27,187,//Volumes/Crucial X9/Remote Music/Ableton/User Library/Presets/Audio Effects/Max Audio Effect/Imported/MFA Errata.amxd
MFA Follower,Audio Effect,User Library,User Library,2,1,,2024-08-15,714,//Volumes/Crucial X9/Remote Music/Ableton/User Library/Presets/Audio Effects/Max Audio Effect/Imported/MFA Follower.amxd
MFA Gain Tracker,Audio Effect,User Library,User Library,2,1,,2024-08-15,625,//Volumes/Crucial X9/Remote Music/Ableton/User Library/Presets/Audio Effects/Max Audio Effect/Imported/MFA Gain Tracker.amxd
MFA LFOx,Audio Effect,User Library,User Library,2,1,,2024-08-15,1690,//Volumes/Crucial X9/Remote Music/Ableton/User Library/Presets/Audio Effects/Max Audio Effect/Imported/MFA LFOx.amxd
MFA Manual S&H,Audio Effect,User Library,User Library,2,1,,2024-08-15,668,//Volumes/Crucial X9/Remote Music/Ableton/User Library/Presets/Audio Effects/Max Audio Effect/Imported/MFA Manual S&H.amxd
MFA MIDI ADSRx,MIDI Effect,User Library,User Library,1,1,,2025-12-23,1300,//Volumes/Crucial X9/Remote Music/Ableton/User Library/Presets/Instruments/MIDI Effects/Max MIDI Effect/Imported/MFA MIDI ADSRx.amxd
MFA MIDI Cycler,MIDI Effect,User Library,User Library,1,1,,2025-12-23,1051,//Volumes/Crucial X9/Remote Music/Ableton/User Library/Presets/Instruments/MIDI Effects/Max MIDI Effect/Imported/MFA MIDI Cycler.amxd
MFA MIDI Dubber,MIDI Effect,User Library,User Library,1,1,,2025-12-23,1019,//Volumes/Crucial X9/Remote Music/Ableton/User Library/Presets/Instruments/MIDI Effects/Max MIDI Effect/Imported/MFA MIDI Dubber.amxd
MFA MIDI Key Tracker,MIDI Effect,User Library,User Library,1,1,,2025-12-23,972,//Volumes/Crucial X9/Remote Music/Ableton/User Library/Presets/Instruments/MIDI Effects/Max MIDI Effect/Imported/MFA MIDI Key Tracker.amxd
MFA MIDI LFOx,MIDI Effect,User Library,User Library,1,1,,2025-12-23,1575,//Volumes/Crucial X9/Remote Music/Ableton/User Library/Presets/Instruments/MIDI Effects/Max MIDI Effect/Imported/MFA MIDI LFOx.amxd
MFA MIDI X-Control,MIDI Effect,User Library,User Library,1,1,,2025-12-23,840,//Volumes/Crucial X9/Remote Music/Ableton/User Library/Presets/Instruments/MIDI Effects/Max MIDI Effect/Imported/MFA MIDI X-Control.amxd
MFA Mutator Free,Max Note Transformation,User Library,User Library,0,1,,2024-09-26,59,//Volumes/Crucial X9/Remote Music/Ableton/User Library/MIDI Tools/Max Transformations/MFA Mutator Free.amxd
MFA Note Raum,MIDI Effect,User Library,User Library,1,1,,2025-12-23,755,//Volumes/Crucial X9/Remote Music/Ableton/User Library/Presets/Instruments/MIDI Effects/Max MIDI Effect/Imported/MFA Note Raum.amxd
MFA Solarus,Audio Effect,User Library,User Library,2,1,,2024-08-15,1293,//Volumes/Crucial X9/Remote Music/Ableton/User Library/Presets/Audio Effects/Max Audio Effect/Imported/MFA Solarus.amxd
MFA Tactum,Instrument,User Library,User Library,2,1,,2025-12-23,536,//Volumes/Crucial X9/Remote Music/Ableton/User Library/Presets/Instruments/MFA Tactum.amxd
MFA X-Control,Audio Effect,User Library,User Library,2,1,,2024-08-15,985,//Volumes/Crucial X9/Remote Music/Ableton/User Library/Presets/Audio Effects/Max Audio Effect/Imported/MFA X-Control.amxd
Microcosmos,Audio Effect,User Library,User Library,2,1,,2026-08-09,130,//Volumes/Crucial X9/Remote Music/Ableton/User Library/Presets/Audio Effects/Max Audio Effect/Imported/Microcosmos.amxd
Microtuner,MIDI Effect,Pack,Microtuner,2,1,Devices|Utility,2025-11-20,5233,//Volumes/Crucial X9/Remote Music/Ableton/Factory Packs Remote/Microtuner/Microtuner/Ableton Folder Info/Microtuner.amxd
MIDI Echo,MIDI Effect,Pack,Building Max Devices,1,1,,2025-11-20,37,//Volumes/Crucial X9/Remote Music/Ableton/Factory Packs Remote/Building Max Devices/Part 4 - Examples/MIDI effects/MIDI Echo/Devices/MIDI Echo.amxd
MIDI Monitor,MIDI Effect,Live factory,Built-in,2,1,Devices|Utility,2026-03-06,116,//Applications/Ableton Live 12 Suite.app/Contents/App-Resources/Builtin/Devices/MIDI Effects/MIDI Monitor/Ableton Folder Info/MIDI Monitor.amxd
MIDI Routing Input,Audio Effect,Pack,Building Max Devices,1,1,,2025-11-20,69,//Volumes/Crucial X9/Remote Music/Ableton/Factory Packs Remote/Building Max Devices/Part 4 - Examples/Routing/Midi Routing Input/Devices/MIDI Routing Input.amxd
MIDI Routing Output,Audio Effect,Pack,Building Max Devices,1,1,,2025-11-20,76,//Volumes/Crucial X9/Remote Music/Ableton/Factory Packs Remote/Building Max Devices/Part 4 - Examples/Routing/Midi Routing Output/Devices/MIDI Routing Output.amxd
MIDIMonitor,MIDI Effect,Pack,Max for Live Essentials,1,1,,2025-10-22,224,//Volumes/Crucial X9/Remote Music/Ableton/Factory Packs Remote/Max for Live Essentials/Max Midi Effect/MIDIMonitor.amxd
Mix Matcher,Audio Effect,User Library,User Library,2,1,,2024-08-15,334,//Volumes/Crucial X9/Remote Music/Ableton/User Library/Presets/Audio Effects/Max Audio Effect/Imported/Mix Matcher.amxd
ml.distance,Audio Effect,User Library,User Library,2,1,,2024-08-15,140,//Volumes/Crucial X9/Remote Music/Ableton/User Library/Presets/Audio Effects/Max Audio Effect/Imported/ml.distance.amxd
Mod Table,MIDI Effect,Pack,String Quartet by Spitfire Audio,3,3,,2025-05-25,363,//Volumes/Crucial X9/Remote Music/Ableton/Factory Packs Remote/String Quartet by Spitfire Audio/Utility/Mod Table.amxd
Mono Sequencer,MIDI Effect,Pack,Max for Live Essentials,1,1,,2025-10-22,1166,//Volumes/Crucial X9/Remote Music/Ableton/Factory Packs Remote/Max for Live Essentials/Max Midi Effect/Mono Sequencer.amxd
Mono Synth,Instrument,Pack,Building Max Devices,1,1,,2025-11-20,37,//Volumes/Crucial X9/Remote Music/Ableton/Factory Packs Remote/Building Max Devices/Part 4 - Examples/Instruments/Mono Synth/Devices/Mono Synth.amxd
MPE,MIDI Effect,Pack,Building Max Devices,1,1,,2025-11-20,29,//Volumes/Crucial X9/Remote Music/Ableton/Factory Packs Remote/Building Max Devices/Part 4 - Examples/MIDI effects/MPE/Devices/MPE.amxd
MPE Control,MIDI Effect,Live factory,Built-in,9,1,Devices|Expression,2026-04-20,478,//Applications/Ableton Live 12 Suite.app/Contents/App-Resources/Builtin/Devices/MIDI Effects/MPE Control/Ableton Folder Info/MPE Control.amxd
MPE Note Off,MIDI Effect,Pack,String Quartet by Spitfire Audio,2,2,,2025-05-25,407,//Volumes/Crucial X9/Remote Music/Ableton/Factory Packs Remote/String Quartet by Spitfire Audio/Utility/MPE Note Off.amxd
MSE,Instrument,Pack,Stray Cats Collection by Max for Cats,44,1,,2025-05-25,884,//Volumes/Crucial X9/Remote Music/Ableton/Factory Packs Remote/Stray Cats Collection by Max for Cats/Instruments/MSE/MSE.amxd
Multi,Instrument,Pack,Max for Live Essentials,34,1,,2025-10-22,18704,//Volumes/Crucial X9/Remote Music/Ableton/Factory Packs Remote/Max for Live Essentials/Max Instrument/Multi.amxd
MultiMap,Audio Effect,Pack,Max for Live Essentials,1,1,,2025-10-22,423,//Volumes/Crucial X9/Remote Music/Ableton/Factory Packs Remote/Max for Live Essentials/Max Audio Effect/Control Devices/MultiMap.amxd
MultiMapper32Audio V2.7,Audio Effect,User Library,User Library,1,1,,2025-12-01,1280,//Volumes/Crucial X9/Remote Music/Ableton/User Library/Presets/Audio Effects/Max Audio Effect/Imported/MultiMapper32Audio V2.7.amxd
Multipitch,Audio Effect,Elsewhere on disk,Remote Music,1,1,,2025-12-24,48,//Volumes/Crucial X9/Remote Music/Ableton/Downloaded & Third-Party/Remo de Vico M4L devic es and samples/Multipitch.amxd
Multipitch 2.0,Audio Effect,Elsewhere on disk,Remote Music,1,1,,2025-12-24,34,//Volumes/Crucial X9/Remote Music/Ableton/Downloaded & Third-Party/Remo de Vico M4L devic es and samples/Multipitch 2.0.amxd
multislider synthesizer,Instrument,Elsewhere on disk,Remote Music,1,1,,2025-12-24,28,//Volumes/Crucial X9/Remote Music/Ableton/Downloaded & Third-Party/Remo de Vico M4L devic es and samples/multislider synthesizer.amxd
MultiSquisher,Instrument,User Library,User Library,2,1,,2026-01-23,1454,//Volumes/Crucial X9/Remote Music/Ableton/User Library/Presets/Instruments/Max Instrument/Imported/MultiSquisher.amxd
Naive,Instrument,Pack,Building Max Devices,1,1,,2025-11-20,9,//Volumes/Crucial X9/Remote Music/Ableton/Factory Packs Remote/Building Max Devices/Part 4 - Examples/Instruments/Aliasing/Devices/Naive.amxd
Nirvana,Instrument,User Library,User Library,208,2,,2025-05-28,115662,//Volumes/Crucial X9/Remote Music/Ableton/User Library/Presets/Instruments/Max Instrument/Nirvana/Nirvana.amxd
Nirvana C,Instrument,User Library,User Library,124,2,,2025-05-28,2116,//Volumes/Crucial X9/Remote Music/Ableton/User Library/Presets/Instruments/Max Instrument/Nirvana C/Nirvana C.amxd
Nirvana SM,Instrument,User Library,User Library,80,2,,2025-06-06,114945,//Volumes/Crucial X9/Remote Music/Ableton/User Library/Presets/Instruments/Max Instrument/Nirvana SM/Nirvana SM.amxd
NirvanaFX,Audio Effect,User Library,User Library,59,3,,2025-05-28,115568,//Volumes/Crucial X9/Remote Music/Ableton/User Library/Presets/Audio Effects/Max Audio Effect/NirvanaFX/NirvanaFX.amxd
NirvanaFX C,Audio Effect,User Library,User Library,40,2,,2025-05-28,1951,//Volumes/Crucial X9/Remote Music/Ableton/User Library/Presets/Audio Effects/Max Audio Effect/NirvanaFX C/NirvanaFX C.amxd
NirvanaFX SM,Audio Effect,User Library,User Library,20,2,,2025-05-28,114809,//Volumes/Crucial X9/Remote Music/Ableton/User Library/Presets/Audio Effects/Max Audio Effect/NirvanaFX SM/NirvanaFX SM.amxd
No_Input Synth,Instrument,User Library,User Library,4,3,,2025-09-03,63,//Volumes/Crucial X9/Remote Music/Ableton/User Library/Presets/Instruments/Max Instrument/Imported/No_Input Synth.amxd
NOEASYHEAR,Instrument,Elsewhere on disk,Remote Music,1,1,,2025-12-24,346,//Volumes/Crucial X9/Remote Music/Ableton/Downloaded & Third-Party/Remo de Vico M4L devic es and samples/NOEASYHEAR.amxd
Noise Adder,Audio Effect,Pack,Building Max Devices,1,1,,2025-11-20,32,//Volumes/Crucial X9/Remote Music/Ableton/Factory Packs Remote/Building Max Devices/Part 2 - Introduction/Devices/Noise Adder.amxd
Note Change Colors,MIDI Effect,Pack,Building Max Devices,1,1,,2025-11-20,86,//Volumes/Crucial X9/Remote Music/Ableton/Factory Packs Remote/Building Max Devices/Part 4 - Examples/Controlling Live/Note Change Colors/Devices/Note Change Colors.amxd
Note Doubler,MIDI Effect,Pack,Building Max Devices,1,1,,2025-11-20,25,//Volumes/Crucial X9/Remote Music/Ableton/Factory Packs Remote/Building Max Devices/Part 2 - Introduction/Devices/Note Doubler.amxd
Note Echo,MIDI Effect,Live factory,Built-in,13,2,Devices|Generative,2026-03-06,289,//Applications/Ableton Live 12 Suite.app/Contents/App-Resources/Builtin/Devices/MIDI Effects/Note Echo/Ableton Folder Info/Note Echo.amxd
Note Monitor,MIDI Effect,Pack,Building Max Devices,1,1,,2025-11-20,28,//Volumes/Crucial X9/Remote Music/Ableton/Factory Packs Remote/Building Max Devices/Part 2 - Introduction/Devices/Note Monitor.amxd
Note Player,MIDI Effect,Pack,Building Max Devices,1,1,,2025-11-20,25,//Volumes/Crucial X9/Remote Music/Ableton/Factory Packs Remote/Building Max Devices/Part 4 - Examples/MIDI effects/Note Player/Devices/Note Player.amxd
Note Trigger Map,MIDI Effect,Elsewhere on disk,Remote Music,1,1,,2021-03-03,185,//Volumes/Crucial X9/Remote Music/Ableton/Downloaded & Third-Party/Z Third Party/Dillon Bastan Free Device Bundle/Markov Variations v1.0.3/Markov Variations/Note Trigger Map.amxd
Note Triggered Modulator,MIDI Effect,User Library,User Library,1,1,,2025-12-23,391,//Volumes/Crucial X9/Remote Music/Ableton/User Library/Presets/Instruments/MIDI Effects/Max MIDI Effect/Imported/Note Triggered Modulator.amxd
Notes API,MIDI Effect,Pack,Building Max Devices,1,1,,2025-11-20,161,//Volumes/Crucial X9/Remote Music/Ableton/Factory Packs Remote/Building Max Devices/Part 4 - Examples/Controlling Live/Notes API/Devices/Notes API.amxd
NTS Streamer,Audio Effect,User Library,User Library,3,2,,2025-04-12,133,//Volumes/Crucial X9/Remote Music/Ableton/User Library/Presets/Audio Effects/Max Audio Effect/Imported/NTS Streamer.amxd
Oblique Strategies,Instrument,Elsewhere on disk,Remote Music,1,1,,2025-12-24,288,//Volumes/Crucial X9/Remote Music/Ableton/Downloaded & Third-Party/Remo de Vico M4L devic es and samples/Oblique Strategies.amxd
Octave,MIDI Effect,Pack,Building Max Devices,1,1,,2025-11-20,18,//Volumes/Crucial X9/Remote Music/Ableton/Factory Packs Remote/Building Max Devices/Part 3 - Lessons/6 Debugging/Devices/Octave.amxd
Octave Adder,MIDI Effect,Pack,Building Max Devices,1,1,,2025-11-20,32,//Volumes/Crucial X9/Remote Music/Ableton/Factory Packs Remote/Building Max Devices/Part 2 - Introduction/Devices/Octave Adder.amxd
Ondes Martenot,Instrument,User Library,User Library,2,1,,2026-07-02,67,//Volumes/Crucial X9/Remote Music/Ableton/User Library/Presets/Instruments/Max Instrument/Imported/Ondes Martenot.amxd
Ondes Martenot-1,Instrument,User Library,User Library,2,1,,2026-07-02,71,//Volumes/Crucial X9/Remote Music/Ableton/User Library/Presets/Instruments/Max Instrument/Imported/Ondes Martenot-1.amxd
Ondes Martenot-2,Instrument,User Library,User Library,2,1,,2026-07-02,52,//Volumes/Crucial X9/Remote Music/Ableton/User Library/Presets/Instruments/Max Instrument/Imported/Ondes Martenot-2.amxd
Opal,Instrument,Project copy,Remote Music,2,2,,2026-06-22,9310,//Volumes/Crucial X9/Remote Music/Ableton/Downloaded & Third-Party/3rd Party/Opal Project/Opal.amxd
Opal-Ctl,MIDI Effect,Project copy,Remote Music,2,2,,2026-06-22,2059,//Volumes/Crucial X9/Remote Music/Ableton/Downloaded & Third-Party/3rd Party/Opal Project/Opal-Ctl.amxd
ORAM,Audio Effect,User Library,User Library,2,1,,2026-07-15,272,//Volumes/Crucial X9/Remote Music/Ableton/User Library/Presets/Audio Effects/Max Audio Effect/Imported/ORAM.amxd
OSC Leap Motion,MIDI Effect,Pack,Connection Kit,1,1,,2025-05-25,234,//Volumes/Crucial X9/Remote Music/Ableton/Factory Packs Remote/Connection Kit/Devices/OSC Leap Motion.amxd
OSC MIDI Send,MIDI Effect,Pack,Connection Kit,1,1,,2025-05-25,77,//Volumes/Crucial X9/Remote Music/Ableton/Factory Packs Remote/Connection Kit/Devices/OSC MIDI Send.amxd
OSC Monitor,Audio Effect,Pack,Connection Kit,1,1,,2025-05-25,24,//Volumes/Crucial X9/Remote Music/Ableton/Factory Packs Remote/Connection Kit/Devices/OSC Monitor.amxd
OSC Send,Audio Effect,Pack,Connection Kit,1,1,,2025-05-25,358,//Volumes/Crucial X9/Remote Music/Ableton/Factory Packs Remote/Connection Kit/Devices/OSC Send.amxd
OSC TouchOSC,Audio Effect,Pack,Connection Kit,1,1,,2025-05-25,482,//Volumes/Crucial X9/Remote Music/Ableton/Factory Packs Remote/Connection Kit/Devices/OSC TouchOSC.amxd
Oscillosope V1.4,Audio Effect,User Library,User Library,2,1,,2025-05-25,65,//Volumes/Crucial X9/Remote Music/Ableton/User Library/Presets/Audio Effects/Max Audio Effect/Imported/Oscillosope V1.4.amxd
Overdrive,Audio Effect,Pack,Building Max Devices,1,1,,2025-11-20,49,//Volumes/Crucial X9/Remote Music/Ableton/Factory Packs Remote/Building Max Devices/Part 4 - Examples/Audio effects/Overdrive/Devices/Overdrive.amxd
Oxide v1.02,Audio Effect,User Library,User Library,2,1,,2025-05-09,152,//Volumes/Crucial X9/Remote Music/Ableton/User Library/Presets/Audio Effects/Max Audio Effect/Imported/Oxide v1.02.amxd
P_4L II,Instrument,Elsewhere on disk,Remote Music,14,2,,2025-02-16,4788,//Volumes/Crucial X9/Remote Music/Ableton/Downloaded & Third-Party/3rd Party/P_4L II v.1.1/P_4L II.amxd
Panner,Audio Effect,Pack,Building Max Devices,1,1,,2025-11-20,37,//Volumes/Crucial X9/Remote Music/Ableton/Factory Packs Remote/Building Max Devices/Part 4 - Examples/Audio effects/Panner/Devices/Panner.amxd
Panner Sequencer,Audio Effect,Elsewhere on disk,Remote Music,1,1,,2025-12-24,57,//Volumes/Crucial X9/Remote Music/Ableton/Downloaded & Third-Party/Remo de Vico M4L devic es and samples/Panner Sequencer.amxd
Patterns by Iftah,Max Note Generator,Pack,Generators by Iftah,0,1,,2025-12-21,755,//Volumes/Crucial X9/Remote Music/Ableton/Factory Packs Remote/Generators by Iftah/Generators/Patterns by Iftah.amxd
Pedal Noise,MIDI Effect,Pack,Upright Piano by Spitfire Audio,1,1,,2025-05-25,63,//Volumes/Crucial X9/Remote Music/Ableton/Factory Packs Remote/Upright Piano by Spitfire Audio/Utility/Pedal Noise.amxd
Performer,Audio Effect,Pack,Performance Pack by Iftah,12,1,Devices|Performance & DJ,2025-11-20,4355,//Volumes/Crucial X9/Remote Music/Ableton/Factory Packs Remote/Performance Pack by Iftah/Performer/Ableton Folder Info/Performer.amxd
Phase Pattern,Max Note Generator,Pack,MIDI Tools by Philip Meyer,0,2,,2025-05-25,421,//Volumes/Crucial X9/Remote Music/Ableton/Factory Packs Remote/MIDI Tools by Philip Meyer-1/MIDI Tools/Generators/Phase Pattern.amxd
Piano Pedal Trigger,MIDI Effect,Pack,Upright Piano by Spitfire Audio,1,1,,2025-05-25,141,//Volumes/Crucial X9/Remote Music/Ableton/Factory Packs Remote/Upright Piano by Spitfire Audio/Utility/Piano Pedal Trigger.amxd
Pitch Hack,Audio Effect,Pack,Creative Extensions,11,2,Devices|Pitch Shift,2025-05-25,352,//Volumes/Crucial X9/Remote Music/Ableton/Factory Packs Remote/Creative Extensions/Audio Effects/Pitch Hack/Ableton Folder Info/Pitch Hack.amxd
Pitch Shifter,Audio Effect,Pack,Building Max Devices,1,1,,2025-11-20,48,//Volumes/Crucial X9/Remote Music/Ableton/Factory Packs Remote/Building Max Devices/Part 4 - Examples/Audio effects/Pitch Shifter/Devices/Pitch Shifter.amxd
PitchDrop,Audio Effect,Pack,Max for Live Essentials,2,1,,2025-10-22,79,//Volumes/Crucial X9/Remote Music/Ableton/Factory Packs Remote/Max for Live Essentials/Max Audio Effect/Pitchdrop/PitchDrop.amxd
PitchLoop89,Audio Effect,Pack,PitchLoop89,24,5,Devices|Pitch Shift,2025-12-21,777,//Volumes/Crucial X9/Remote Music/Ableton/Factory Packs Remote/PitchLoop89/PitchLoop89/Ableton Folder Info/PitchLoop89.amxd
Plate Reverb,Audio Effect,Pack,Building Max Devices,1,1,,2025-11-20,183,//Volumes/Crucial X9/Remote Music/Ableton/Factory Packs Remote/Building Max Devices/Part 4 - Examples/Audio effects/Plate Reverb/Devices/Plate Reverb.amxd
Pluck,Instrument,User Library,User Library,3,2,,2025-07-09,357,//Volumes/Crucial X9/Remote Music/Ableton/User Library/Presets/Instruments/Max Instrument/Imported/Pluck.amxd
PluggoFuzz,Audio Effect,Pack,The Forge by Hecq,1,1,,2025-05-25,59,//Volumes/Crucial X9/Remote Music/Ableton/Factory Packs Remote/The Forge by Hecq/Max Audio Effects/PluggoFuzz.amxd
Plugin List Export,Audio Effect,Elsewhere on disk,Remote Music,1,1,,2025-06-09,164,//Volumes/Crucial X9/Remote Music/Ableton/Downloaded & Third-Party/Plugin List Export 1.1/Plugin List Export.amxd
Poli,Instrument,Pack,Creative Extensions,176,2,Devices|Synthesizer|Virtual Analog,2025-05-25,1517,//Volumes/Crucial X9/Remote Music/Ableton/Factory Packs Remote/Creative Extensions/Instruments/Poli/Ableton Folder Info/Poli.amxd
Poly Synth,Instrument,Pack,Building Max Devices,1,1,,2025-11-20,52,//Volumes/Crucial X9/Remote Music/Ableton/Factory Packs Remote/Building Max Devices/Part 4 - Examples/Instruments/Poly Synth/Devices/Poly Synth.amxd
Polyrhythm,Max Note Generator,Pack,MIDI Tools by Philip Meyer,0,2,,2025-05-25,164,//Volumes/Crucial X9/Remote Music/Ableton/Factory Packs Remote/MIDI Tools by Philip Meyer-1/MIDI Tools/Generators/Polyrhythm.amxd
polyrhythmus v1.01,MIDI Effect,User Library,User Library,1,1,,2025-12-23,7740,//Volumes/Crucial X9/Remote Music/Ableton/User Library/Presets/Instruments/MIDI Effects/Max MIDI Effect/Imported/polyrhythmus v1.01.amxd
Potee,MIDI Effect,User Library,User Library,3,2,,2026-06-03,662,//Volumes/Crucial X9/Remote Music/Ableton/User Library/Presets/MIDI Effects/Max MIDI Effect/Imported/Potee.amxd
Prearranger,Audio Effect,Pack,Performance Pack by Iftah,2,1,Devices|Performance & DJ,2025-11-20,894,//Volumes/Crucial X9/Remote Music/Ableton/Factory Packs Remote/Performance Pack by Iftah/Prearranger/Ableton Folder Info/Prearranger.amxd
Premo,MIDI Effect,User Library,User Library,4,2,,2026-06-03,1349,//Volumes/Crucial X9/Remote Music/Ableton/User Library/Presets/MIDI Effects/Max MIDI Effect/Imported/Premo.amxd
Preset Scroll,MIDI Effect,User Library,User Library,2,1,,2026-08-09,14,//Volumes/Crucial X9/Remote Music/Ableton/User Library/Presets/MIDI Effects/Max MIDI Effect/Imported/Preset Scroll.amxd
Probability Arp,MIDI Effect,Pack,Probability Pack by Sonic Faction,0,1,,2025-05-25,548,//Volumes/Crucial X9/Remote Music/Ableton/Factory Packs Remote/Probability Pack by Sonic Faction/Probability Arp.amxd
Probee,MIDI Effect,User Library,User Library,1,1,,2025-12-23,1270,//Volumes/Crucial X9/Remote Music/Ableton/User Library/Presets/Instruments/MIDI Effects/Max MIDI Effect/Imported/Probee.amxd
Probee-1,MIDI Effect,User Library,User Library,1,1,,2025-12-23,1270,//Volumes/Crucial X9/Remote Music/Ableton/User Library/Presets/Instruments/MIDI Effects/Max MIDI Effect/Imported/Probee-1.amxd
Program Change,MIDI Effect,User Library,User Library,1,1,,2025-12-23,14,//Volumes/Crucial X9/Remote Music/Ableton/User Library/Presets/Instruments/MIDI Effects/Max MIDI Effect/Imported/Program Change.amxd
Pulsograph,Instrument,User Library,User Library,2,1,,2026-07-19,237,//Volumes/Crucial X9/Remote Music/Ableton/User Library/Presets/Instruments/Max Instrument/Imported/Pulsograph.amxd
Pyr by Iftah 1.2,Instrument,User Library,User Library,2,1,,2024-08-15,161,//Volumes/Crucial X9/Remote Music/Ableton/User Library/Presets/Instruments/Max Instrument/Imported/Pyr by Iftah 1.2.amxd
pyramid beta version,Instrument,Elsewhere on disk,Remote Music,1,1,,2025-12-24,1222,//Volumes/Crucial X9/Remote Music/Ableton/Downloaded & Third-Party/Remo de Vico M4L devic es and samples/pyramid beta version.amxd
Quad,Instrument,Pack,Stray Cats Collection by Max for Cats,15,1,,2025-05-25,2160,//Volumes/Crucial X9/Remote Music/Ableton/Factory Packs Remote/Stray Cats Collection by Max for Cats/Instruments/MSE/Quad.amxd
Quick Transpose Audio 0v03,Audio Effect,Elsewhere on disk,Remote Music,1,1,,2025-12-24,138,//Volumes/Crucial X9/Remote Music/Ableton/Downloaded & Third-Party/Quick Transpose Audio 0v03.amxd
Radio Garden,Audio Effect,User Library,User Library,3,2,,2025-04-12,3,//Volumes/Crucial X9/Remote Music/Ableton/User Library/Presets/Audio Effects/Max Audio Effect/Imported/Radio Garden.amxd
Random Note Generator,MIDI Effect,Elsewhere on disk,Remote Music,1,1,,2025-12-24,1779,//Volumes/Crucial X9/Remote Music/Ableton/Downloaded & Third-Party/Remo de Vico M4L devic es and samples/Random Note Generator.amxd
Random Triads 2.0,MIDI Effect,Elsewhere on disk,Remote Music,1,1,,2025-12-24,62,//Volumes/Crucial X9/Remote Music/Ableton/Downloaded & Third-Party/Remo de Vico M4L devic es and samples/Random Triads 2.0.amxd
Randomise Session Colours,MIDI Effect,User Library,User Library,13,13,,2026-04-15,6,//Volumes/Crucial X9/Remote Music/Ableton/User Library/Presets/MIDI Effects/Max MIDI Effect/Randomise Session Colours.amxd
Ravel 1.1,MIDI Effect,User Library,User Library,2,2,,2025-12-23,52,//Volumes/Crucial X9/Remote Music/Ableton/User Library/Presets/Instruments/MIDI Effects/Max MIDI Effect/Imported/Ravel 1.1.amxd
Re-Enveloper,Audio Effect,Pack,Creative Extensions,14,1,Devices|Dynamics,2025-05-25,433,//Volumes/Crucial X9/Remote Music/Ableton/Factory Packs Remote/Creative Extensions/Audio Effects/Re-Enveloper/Ableton Folder Info/Re-Enveloper.amxd
Resampler Pro,MIDI Effect,User Library,User Library,3,2,,2026-04-10,455,//Volumes/Crucial X9/Remote Music/Ableton/User Library/Presets/MIDI Effects/Max MIDI Effect/Imported/Resampler Pro.amxd
Retrigger,Max Note Transformation,Pack,MIDI Tools by Philip Meyer,0,2,,2025-05-25,404,//Volumes/Crucial X9/Remote Music/Ableton/Factory Packs Remote/MIDI Tools by Philip Meyer-1/MIDI Tools/Transformations/Retrigger.amxd
Retur,Audio Effect,Elsewhere on disk,Remote Music,1,1,,2024-11-08,122,//Volumes/Crucial X9/Remote Music/Ableton/Downloaded & Third-Party/3rd Party/retur_v1_0/retur-device-only/Retur.amxd
Reverberate 1.0,Audio Effect,Elsewhere on disk,Remote Music,1,1,,2025-12-24,139,//Volumes/Crucial X9/Remote Music/Ableton/Downloaded & Third-Party/Remo de Vico M4L devic es and samples/Reverberate 1.0.amxd
Rhythmic Crazy Slicer,Instrument,User Library,User Library,2,1,,2026-08-19,48,//Volumes/Crucial X9/Remote Music/Ableton/User Library/Presets/Instruments/Max Instrument/Imported/Rhythmic Crazy Slicer.amxd
Rhythmic Probability,MIDI Effect,Pack,Probability Pack by Sonic Faction,0,1,,2025-05-25,6575,//Volumes/Crucial X9/Remote Music/Ableton/Factory Packs Remote/Probability Pack by Sonic Faction/Rhythmic Probability.amxd
Rhythmic Steps,MIDI Effect,Pack,Sequencers,21,1,Devices|Sequencer,2025-11-20,1193,//Volumes/Crucial X9/Remote Music/Ableton/Factory Packs Remote/Sequencers/Rhythmic Steps/Ableton Folder Info/Rhythmic Steps.amxd
rhythmic transposer,MIDI Effect,Elsewhere on disk,Remote Music,2,2,,2025-12-24,106,//Volumes/Crucial X9/Remote Music/Ableton/Downloaded & Third-Party/Remo de Vico M4L devic es and samples/rhythmic transposer.amxd
Romb,Audio Effect,Elsewhere on disk,Remote Music,1,1,,2024-03-04,242,//Volumes/Crucial X9/Remote Music/Ableton/Downloaded & Third-Party/3rd Party/Romb.amxd
Rotating Rhythm Generator,MIDI Effect,Pack,CV Tools,2,1,Devices|Sequencer,2025-11-20,759,//Volumes/Crucial X9/Remote Music/Ableton/Factory Packs Remote/CV Tools/CV Instruments/Rotating Rhythm Generator/Ableton Folder Info/Rotating Rhythm Generator.amxd
Scene Placer v0.1,Audio Effect,User Library,User Library,2,1,,2026-08-09,97,//Volumes/Crucial X9/Remote Music/Ableton/User Library/Presets/Audio Effects/Max Audio Effect/Imported/Scene Placer v0.1.amxd
Schaeffer's Nightmare,Instrument,User Library,User Library,3,3,,2025-04-22,4615,//Volumes/Crucial X9/Remote Music/Ableton/User Library/Presets/Instruments/Max Instrument/Imported/Schaeffer's Nightmare.amxd
ScratchBacker-v3,Instrument,User Library,User Library,2,1,,2025-10-26,355,//Volumes/Crucial X9/Remote Music/Ableton/User Library/Presets/Instruments/Max Instrument/Imported/ScratchBacker-v3.amxd
Screaming Janus,Instrument,Elsewhere on disk,Remote Music,3,3,,2024-08-15,446,//Volumes/Crucial X9/Remote Music/Ableton/Downloaded & Third-Party/Z Third Party/Screaming Janus.amxd
Sektor,Audio Effect,User Library,User Library,4,3,,2026-01-15,2552,//Volumes/Crucial X9/Remote Music/Ableton/User Library/Presets/Audio Effects/Max Audio Effect/Imported/Sektor.amxd
Select + MAP Single Variation AUDIO V1 AbletonDrummer,Audio Effect,User Library,User Library,3,2,,2025-02-16,260,//Volumes/Crucial X9/Remote Music/Ableton/User Library/Presets/Audio Effects/Max Audio Effect/Imported/Select + MAP Single Variation AUDIO V1 AbletonDrummer.amxd
Select + MAP Single Variation MIDI V1 AbletonDrummer ,MIDI Effect,User Library,User Library,2,2,,2025-12-23,313,//Volumes/Crucial X9/Remote Music/Ableton/User Library/Presets/Instruments/MIDI Effects/Max MIDI Effect/Imported/Select + MAP Single Variation MIDI V1 AbletonDrummer .amxd
Seq8,MIDI Effect,Pack,Stray Cats Collection by Max for Cats,1,1,,2025-05-25,621,//Volumes/Crucial X9/Remote Music/Ableton/Factory Packs Remote/Stray Cats Collection by Max for Cats/Instruments/MSE/Seq8.amxd
Shaper,Audio Effect,Live factory,Built-in,14,1,Devices|Modulator,2026-07-14,554,//Applications/Ableton Live 12 Suite.app/Contents/App-Resources/Builtin/Devices/Audio Effects/Shaper/Ableton Folder Info/Shaper.amxd
Shaper MIDI,MIDI Effect,Live factory,Built-in,2,1,Devices|Modulator,2026-07-14,548,//Applications/Ableton Live 12 Suite.app/Contents/App-Resources/Builtin/Devices/MIDI Effects/Shaper MIDI/Ableton Folder Info/Shaper MIDI.amxd
Shift,Audio Effect,User Library,User Library,2,1,,2024-08-15,39,//Volumes/Crucial X9/Remote Music/Ableton/User Library/Presets/Audio Effects/Max Audio Effect/Imported/Shift.amxd
Side Drive,Audio Effect,Pack,Building Max Devices,1,1,,2025-11-20,87,//Volumes/Crucial X9/Remote Music/Ableton/Factory Packs Remote/Building Max Devices/Part 2 - Introduction/Devices/Side Drive.amxd
Sidechain Modulator,Audio Effect,Pack,Building Max Devices,1,1,,2025-11-20,252,//Volumes/Crucial X9/Remote Music/Ableton/Factory Packs Remote/Building Max Devices/Part 3 - Lessons/5 Routing and modulating/Devices/Sidechain Modulator.amxd
Simpler Slices,MIDI Effect,Pack,Building Max Devices,1,1,,2025-11-20,41,//Volumes/Crucial X9/Remote Music/Ableton/Factory Packs Remote/Building Max Devices/Part 4 - Examples/Controlling Live/Simpler Slices/Devices/Simpler Slices.amxd
SimulScrub-v6,Instrument,User Library,User Library,2,1,,2025-10-26,291,//Volumes/Crucial X9/Remote Music/Ableton/User Library/Presets/Instruments/Max Instrument/Imported/SimulScrub-v6.amxd
SkramDelay,Audio Effect,Pack,Stray Cats Collection by Max for Cats,6,1,,2025-05-25,788,//Volumes/Crucial X9/Remote Music/Ableton/Factory Packs Remote/Stray Cats Collection by Max for Cats/Audio Effects/SkramDelay.amxd
Slate,Instrument,Project copy,Remote Music,8,1,,2026-06-22,3063,//Volumes/Crucial X9/Remote Music/Ableton/Downloaded & Third-Party/3rd Party/Opal Project/Slate.amxd
Slice Shuffler,Max Note Transformation,Pack,MIDI Tools by Philip Meyer,0,2,,2025-05-25,99,//Volumes/Crucial X9/Remote Music/Ableton/Factory Packs Remote/MIDI Tools by Philip Meyer-1/MIDI Tools/Transformations/Slice Shuffler.amxd
Smooth Automator Audio,Audio Effect,User Library,User Library,2,1,,2025-02-02,270,//Volumes/Crucial X9/Remote Music/Ableton/User Library/Presets/Audio Effects/Max Audio Effect/Imported/Smooth Automator Audio.amxd
Smooth Automator MIDI,MIDI Effect,User Library,User Library,1,1,,2025-12-23,283,//Volumes/Crucial X9/Remote Music/Ableton/User Library/Presets/Instruments/MIDI Effects/Max MIDI Effect/Imported/Smooth Automator MIDI.amxd
Snipper,Audio Effect,Pack,Building Max Devices,1,1,,2025-11-20,54,//Volumes/Crucial X9/Remote Music/Ableton/Factory Packs Remote/Building Max Devices/Part 3 - Lessons/2 Audio Effects/Devices/Snipper.amxd
Spect 1.3,Audio Effect,User Library,User Library,2,1,,2024-08-15,143,//Volumes/Crucial X9/Remote Music/Ableton/User Library/Presets/Audio Effects/Max Audio Effect/Imported/Spect 1.3.amxd
Spectral Attractors,Instrument,Elsewhere on disk,Remote Music,3,3,,2024-09-14,771,//Volumes/Crucial X9/Remote Music/Ableton/Downloaded & Third-Party/Z Third Party/Spectral Attractors.amxd
Spectral Blur,Audio Effect,Pack,Creative Extensions,10,1,Devices|Reverb|Special Reverb,2025-05-25,155,//Volumes/Crucial X9/Remote Music/Ableton/Factory Packs Remote/Creative Extensions/Audio Effects/Spectral Blur/Ableton Folder Info/Spectral Blur.amxd
Speed Shifter,Audio Effect,Pack,The Forge by Hecq,1,1,,2025-05-25,74,//Volumes/Crucial X9/Remote Music/Ableton/Factory Packs Remote/The Forge by Hecq/Max Audio Effects/Speed Shifter.amxd
Splice 1,Audio Effect,User Library,User Library,3,2,,2026-07-13,180,//Volumes/Crucial X9/Remote Music/Ableton/User Library/Presets/Audio Effects/Max Audio Effect/Splice 1.amxd
SQ Sequencer,MIDI Effect,Pack,Sequencers,12,1,Devices|Sequencer,2025-11-20,1391,//Volumes/Crucial X9/Remote Music/Ableton/Factory Packs Remote/Sequencers/SQ Sequencer/Ableton Folder Info/SQ Sequencer.amxd
Stages,Max Note Generator,Pack,MIDI Tools by Philip Meyer,0,2,,2025-05-25,369,//Volumes/Crucial X9/Remote Music/Ableton/Factory Packs Remote/MIDI Tools by Philip Meyer-1/MIDI Tools/Generators/Stages.amxd
Step Arp,MIDI Effect,Pack,Sequencers,18,1,Devices|Sequencer,2025-11-20,1058,//Volumes/Crucial X9/Remote Music/Ableton/Factory Packs Remote/Sequencers/Step Arp/Ableton Folder Info/Step Arp.amxd
Step Copy,Max Note Transformation,User Library,User Library,0,1,,2024-11-15,251,//Volumes/Crucial X9/Remote Music/Ableton/User Library/MIDI Tools/Max Transformations/Step Copy/Step Copy.amxd
Step Divider,MIDI Effect,Pack,Probability Pack by Sonic Faction,0,1,,2025-05-25,8357,//Volumes/Crucial X9/Remote Music/Ableton/Factory Packs Remote/Probability Pack by Sonic Faction/Step Divider.amxd
Sting 2,MIDI Effect,User Library,User Library,2,1,,2026-01-18,1962,//Volumes/Crucial X9/Remote Music/Ableton/User Library/Presets/MIDI Effects/Max MIDI Effect/Imported/Sting 2.amxd
Sting by Iftah,Max Note Generator,Pack,Generators by Iftah,0,1,,2025-12-21,232,//Volumes/Crucial X9/Remote Music/Ableton/Factory Packs Remote/Generators by Iftah/Generators/Sting by Iftah.amxd
STING!64 by SKINNERBOX,MIDI Effect,User Library,User Library,1,1,,2025-12-23,556,//Volumes/Crucial X9/Remote Music/Ableton/User Library/Presets/Instruments/MIDI Effects/Max MIDI Effect/Imported/STING!64 by SKINNERBOX.amxd
Stochastic Delay,Audio Effect,Pack,Stray Cats Collection by Max for Cats,6,1,,2025-05-25,4914,//Volumes/Crucial X9/Remote Music/Ableton/Factory Packs Remote/Stray Cats Collection by Max for Cats/Audio Effects/Stochastic Delay.amxd
Strange Grain ALL,Audio Effect,Elsewhere on disk,Remote Music,1,1,,2025-12-24,211,//Volumes/Crucial X9/Remote Music/Ableton/Downloaded & Third-Party/Remo de Vico M4L devic es and samples/Strange Grain ALL.amxd
Strange Mod,Audio Effect,Elsewhere on disk,Remote Music,4,4,,2024-08-15,441,//Volumes/Crucial X9/Remote Music/Ableton/Downloaded & Third-Party/Z Third Party/Strange Mod.amxd
Stranger Grains,Audio Effect,Elsewhere on disk,Remote Music,1,1,,2025-12-24,209,//Volumes/Crucial X9/Remote Music/Ableton/Downloaded & Third-Party/Remo de Vico M4L devic es and samples/Stranger Grains.amxd
Stranger Grains [ots rmx] 1.3,Audio Effect,Elsewhere on disk,Remote Music,1,1,,2025-12-24,558,//Volumes/Crucial X9/Remote Music/Ableton/Downloaded & Third-Party/Remo de Vico M4L devic es and samples/Stranger Grains [ots rmx] 1.3.amxd
Stranger Sampler,Instrument,Elsewhere on disk,Remote Music,1,1,,2025-12-24,2527,//Volumes/Crucial X9/Remote Music/Ableton/Downloaded & Third-Party/Remo de Vico M4L devic es and samples/Stranger Sampler.amxd
Stretch Simpler,Instrument,Pack,Building Max Devices,1,1,,2025-11-20,53,//Volumes/Crucial X9/Remote Music/Ableton/Factory Packs Remote/Building Max Devices/Part 4 - Examples/Instruments/Stretch Simpler/Devices/Stretch Simpler.amxd
STRIKE_MIDI,Instrument,User Library,User Library,2,1,,2026-02-04,542,//Volumes/Crucial X9/Remote Music/Ableton/User Library/Presets/Instruments/Max Instrument/Imported/STRIKE_MIDI.amxd
STRIKE_Resonator,Audio Effect,User Library,User Library,2,1,,2026-02-04,547,//Volumes/Crucial X9/Remote Music/Ableton/User Library/Presets/Audio Effects/Max Audio Effect/Imported/STRIKE_Resonator.amxd
StripSilence,Audio Effect,User Library,User Library,2,1,,2026-07-27,36,//Volumes/Crucial X9/Remote Music/Ableton/User Library/Presets/Audio Effects/Max Audio Effect/Imported/StripSilence.amxd
Sunset_drum_machine,Instrument,Elsewhere on disk,Remote Music,1,1,,2025-12-24,7029,//Volumes/Crucial X9/Remote Music/Ableton/Downloaded & Third-Party/Remo de Vico M4L devic es and samples/Sunset_drum_machine.amxd
Super Simple Sampler,Instrument,Elsewhere on disk,Remote Music,1,1,,2025-12-24,1219,//Volumes/Crucial X9/Remote Music/Ableton/Downloaded & Third-Party/Remo de Vico M4L devic es and samples/Super Simple Sampler.amxd
Surround Panner,Audio Effect,Pack,Surround Panner,2,1,Devices|Utility,2025-05-25,259,//Volumes/Crucial X9/Remote Music/Ableton/Factory Packs Remote/Surround Panner/Surround Panner/Ableton Folder Info/Surround Panner.amxd
SW Radio,Audio Effect,User Library,User Library,4,4,,2026-05-30,14,//Volumes/Crucial X9/Remote Music/Ableton/User Library/Presets/Audio Effects/Max Audio Effect/Imported/SW Radio.amxd
SW Radio-1,Audio Effect,User Library,User Library,2,2,,2026-05-30,23,//Volumes/Crucial X9/Remote Music/Ableton/User Library/Presets/Audio Effects/Max Audio Effect/Imported/SW Radio-1.amxd
SW Radio-10,Audio Effect,User Library,User Library,1,1,,2026-08-11,40,//Volumes/Crucial X9/Remote Music/Ableton/User Library/Presets/Audio Effects/Max Audio Effect/Imported/SW Radio-10.amxd
SW Radio-2,Audio Effect,User Library,User Library,1,1,,2026-05-30,29,//Volumes/Crucial X9/Remote Music/Ableton/User Library/Presets/Audio Effects/Max Audio Effect/Imported/SW Radio-2.amxd
SW Radio-3,Audio Effect,User Library,User Library,1,1,,2026-05-30,30,//Volumes/Crucial X9/Remote Music/Ableton/User Library/Presets/Audio Effects/Max Audio Effect/Imported/SW Radio-3.amxd
SW Radio-4,Audio Effect,User Library,User Library,1,1,,2026-05-30,30,//Volumes/Crucial X9/Remote Music/Ableton/User Library/Presets/Audio Effects/Max Audio Effect/Imported/SW Radio-4.amxd
SW Radio-5,Audio Effect,User Library,User Library,1,1,,2026-06-03,38,//Volumes/Crucial X9/Remote Music/Ableton/User Library/Presets/Audio Effects/Max Audio Effect/Imported/SW Radio-5.amxd
SW Radio-6,Audio Effect,User Library,User Library,2,1,,2026-06-03,38,//Volumes/Crucial X9/Remote Music/Ableton/User Library/Presets/Audio Effects/Max Audio Effect/Imported/SW Radio-6.amxd
SW Radio-7,Audio Effect,User Library,User Library,1,1,,2026-06-03,38,//Volumes/Crucial X9/Remote Music/Ableton/User Library/Presets/Audio Effects/Max Audio Effect/Imported/SW Radio-7.amxd
SW Radio-8,Audio Effect,User Library,User Library,1,1,,2026-06-03,38,//Volumes/Crucial X9/Remote Music/Ableton/User Library/Presets/Audio Effects/Max Audio Effect/Imported/SW Radio-8.amxd
SW Radio-9,Audio Effect,User Library,User Library,4,3,,2026-06-06,40,//Volumes/Crucial X9/Remote Music/Ableton/User Library/Presets/Audio Effects/Max Audio Effect/Imported/SW Radio-9.amxd
Swarmalators N,MIDI Effect,Elsewhere on disk,Remote Music,2,2,,2024-03-11,514,//Volumes/Crucial X9/Remote Music/Ableton/Downloaded & Third-Party/Z Third Party/Dillon Bastan Free Device Bundle/Swarmalators N v1.1.2/Swarmalators N/Swarmalators N.amxd
Swarmalators T,Instrument,Elsewhere on disk,Remote Music,3,3,,2024-08-15,359,//Volumes/Crucial X9/Remote Music/Ableton/Downloaded & Third-Party/Z Third Party/Swarmalators T.amxd
sweetspace,Instrument,Elsewhere on disk,Remote Music,1,1,,2025-12-24,3974,//Volumes/Crucial X9/Remote Music/Ableton/Downloaded & Third-Party/Remo de Vico M4L devic es and samples/sweetspace.amxd
Syntharmonic,Instrument,Elsewhere on disk,Remote Music,1,1,,2025-12-24,3218,//Volumes/Crucial X9/Remote Music/Ableton/Downloaded & Third-Party/Remo de Vico M4L devic es and samples/Syntharmonic.amxd
Tape Error,Audio Effect,User Library,User Library,2,1,,2026-07-27,18,//Volumes/Crucial X9/Remote Music/Ableton/User Library/Presets/Audio Effects/Max Audio Effect/Imported/Tape Error.amxd
Tape Error Trigger,MIDI Effect,User Library,User Library,2,1,,2026-07-27,4,//Volumes/Crucial X9/Remote Music/Ableton/User Library/Presets/MIDI Effects/Max MIDI Effect/Imported/Tape Error Trigger.amxd
TapeStop 2.0,Audio Effect,User Library,User Library,2,1,,2025-05-23,44,//Volumes/Crucial X9/Remote Music/Ableton/User Library/Presets/Audio Effects/Max Audio Effect/Imported/TapeStop 2.0.amxd
TapPanZeit-v12,Audio Effect,User Library,User Library,2,1,,2025-10-26,380,//Volumes/Crucial X9/Remote Music/Ableton/User Library/Presets/Audio Effects/Max Audio Effect/Imported/TapPanZeit-v12.amxd
Tapped Delay,Audio Effect,Pack,The Forge by Hecq,1,1,,2025-05-25,102,//Volumes/Crucial X9/Remote Music/Ableton/Factory Packs Remote/The Forge by Hecq/Max Audio Effects/Tapped Delay.amxd
The Lot Radio,Audio Effect,User Library,User Library,3,2,,2025-04-12,4,//Volumes/Crucial X9/Remote Music/Ableton/User Library/Presets/Audio Effects/Max Audio Effect/Imported/The Lot Radio.amxd
The1958Machine,Audio Effect,User Library,User Library,1,1,,2026-07-04,75,//Volumes/Crucial X9/Remote Music/Ableton/User Library/Presets/Audio Effects/Max Audio Effect/Imported/The1958Machine.amxd
The1958Machine-1,Audio Effect,User Library,User Library,2,1,,2026-07-04,77,//Volumes/Crucial X9/Remote Music/Ableton/User Library/Presets/Audio Effects/Max Audio Effect/Imported/The1958Machine-1.amxd
Theremouse,Instrument,Elsewhere on disk,Remote Music,1,1,,2025-12-24,386,//Volumes/Crucial X9/Remote Music/Ableton/Downloaded & Third-Party/Remo de Vico M4L devic es and samples/Theremouse.amxd
Tombola,MIDI Effect,User Library,User Library,2,2,,2025-12-23,134,//Volumes/Crucial X9/Remote Music/Ableton/User Library/Presets/Instruments/MIDI Effects/Max MIDI Effect/Imported/Tombola.amxd
TransientDesigner,Audio Effect,User Library,User Library,2,1,,2024-02-29,48,//Volumes/Crucial X9/Remote Music/Ableton/User Library/Presets/Audio Effects/Max Audio Effect/Imported/TransientDesigner.amxd
Tree Tone,Instrument,Pack,Inspired by Nature by Dillon Bastan,32,1,Devices|Resonator,2025-05-25,1438,//Volumes/Crucial X9/Remote Music/Ableton/Factory Packs Remote/Inspired by Nature by Dillon Bastan/Instruments/Tree Tone/Ableton Folder Info/Tree Tone.amxd
Tremolo 1.0,Audio Effect,Elsewhere on disk,Remote Music,1,1,,2025-12-24,4335,//Volumes/Crucial X9/Remote Music/Ableton/Downloaded & Third-Party/Remo de Vico M4L devic es and samples/Tremolo 1.0.amxd
trnr.BitEcho,Audio Effect,User Library,User Library,4,3,,2025-07-04,182,//Volumes/Crucial X9/Remote Music/Ableton/User Library/Presets/Audio Effects/Max Audio Effect/Imported/trnr.BitEcho.amxd
trnr.DmmG,Audio Effect,User Library,User Library,4,3,,2025-07-04,9596,//Volumes/Crucial X9/Remote Music/Ableton/User Library/Presets/Audio Effects/Max Audio Effect/Imported/trnr.DmmG.amxd
trnr.Duckling,Audio Effect,User Library,User Library,4,3,,2025-07-04,199,//Volumes/Crucial X9/Remote Music/Ableton/User Library/Presets/Audio Effects/Max Audio Effect/Imported/trnr.Duckling.amxd
trnr.Flechtwerk,Instrument,User Library,User Library,3,2,,2024-01-27,2379,//Volumes/Crucial X9/Remote Music/Ableton/User Library/Presets/Instruments/Max Instrument/Imported/trnr.Flechtwerk.amxd
trnr.Hatster,Instrument,User Library,User Library,4,3,,2025-07-04,66,//Volumes/Crucial X9/Remote Music/Ableton/User Library/Presets/Instruments/Max Instrument/Imported/trnr.Hatster.amxd
trnr.RetroSampler,Instrument,User Library,User Library,3,2,,2024-01-27,1490,//Volumes/Crucial X9/Remote Music/Ableton/User Library/Presets/Instruments/Max Instrument/Imported/trnr.RetroSampler.amxd
trnr.TriplexClassic,Instrument,User Library,User Library,3,2,,2025-07-04,5605,//Volumes/Crucial X9/Remote Music/Ableton/User Library/Presets/Instruments/Max Instrument/Imported/trnr.TriplexClassic.amxd
Turing Machine 3.1,MIDI Effect,User Library,User Library,1,1,,2025-12-23,464,//Volumes/Crucial X9/Remote Music/Ableton/User Library/Presets/Instruments/MIDI Effects/Max MIDI Effect/Imported/Turing Machine 3.1.amxd
Variations,Audio Effect,Pack,Performance Pack by Iftah,2,1,Devices|Performance & DJ,2025-11-20,2973,//Volumes/Crucial X9/Remote Music/Ableton/Factory Packs Remote/Performance Pack by Iftah/Variations/Ableton Folder Info/Variations.amxd
VC3.5,Audio Effect,User Library,User Library,2,1,,2024-08-15,1019,//Volumes/Crucial X9/Remote Music/Ableton/User Library/Presets/Audio Effects/Max Audio Effect/Imported/VC3.5.amxd
Vector Delay,Audio Effect,Pack,Inspired by Nature by Dillon Bastan,32,1,Devices|Delay,2025-05-25,1381,//Volumes/Crucial X9/Remote Music/Ableton/Factory Packs Remote/Inspired by Nature by Dillon Bastan/Audio Effects/Vector Delay/Ableton Folder Info/Vector Delay.amxd
Vector FM,Instrument,Pack,Inspired by Nature by Dillon Bastan,44,1,Devices|Synthesizer|FM,2025-05-25,1697,//Volumes/Crucial X9/Remote Music/Ableton/Factory Packs Remote/Inspired by Nature by Dillon Bastan/Instruments/Vector FM/Ableton Folder Info/Vector FM.amxd
Vector Grain,Instrument,Pack,Inspired by Nature by Dillon Bastan,31,1,Devices|Synthesizer|Granular,2025-05-25,1762,//Volumes/Crucial X9/Remote Music/Ableton/Factory Packs Remote/Inspired by Nature by Dillon Bastan/Instruments/Vector Grain/Ableton Folder Info/Vector Grain.amxd
Vector Map,Audio Effect,Pack,Inspired by Nature by Dillon Bastan,2,1,Devices|Modulator,2025-05-25,1179,//Volumes/Crucial X9/Remote Music/Ableton/Factory Packs Remote/Inspired by Nature by Dillon Bastan/Audio Effects/Vector Map/Ableton Folder Info/Vector Map.amxd
Velocity Randomizer,MIDI Effect,Pack,Building Max Devices,1,1,,2025-11-20,25,//Volumes/Crucial X9/Remote Music/Ableton/Factory Packs Remote/Building Max Devices/Part 3 - Lessons/1 MIDI Effects/Devices/Velocity Randomizer.amxd
Velocity Shaper,Max Note Transformation,Live factory,Built-in,0,1,,2026-03-06,39,//Applications/Ableton Live 12 Suite.app/Contents/App-Resources/Builtin/Devices/MIDI Tools/Transformations/Velocity Shaper/Velocity Shaper.amxd
Verbotron,Audio Effect,Pack,Stray Cats Collection by Max for Cats,10,1,,2025-05-25,196,//Volumes/Crucial X9/Remote Music/Ableton/Factory Packs Remote/Stray Cats Collection by Max for Cats/Audio Effects/Verbotron.amxd
Video Slicer,MIDI Effect,Pack,Building Max Devices,1,1,,2025-11-20,147,//Volumes/Crucial X9/Remote Music/Ableton/Factory Packs Remote/Building Max Devices/Part 4 - Examples/Visuals/Video Slicer/Devices/Video Slicer.amxd
VIDEODRUMS,Instrument,Elsewhere on disk,Remote Music,1,1,,2025-12-24,1837,//Volumes/Crucial X9/Remote Music/Ableton/Downloaded & Third-Party/Remo de Vico M4L devic es and samples/VIDEODRUMS.amxd
visage_1.0,Instrument,User Library,User Library,3,2,,2026-01-30,1343,//Volumes/Crucial X9/Remote Music/Ableton/User Library/Presets/Instruments/Max Instrument/Imported/visage_1.0.amxd
Visuals Builder,MIDI Effect,Pack,Building Max Devices,1,1,,2025-11-20,117,//Volumes/Crucial X9/Remote Music/Ableton/Factory Packs Remote/Building Max Devices/Part 4 - Examples/Visuals/Visuals Builder/Devices/Visuals Builder.amxd
Visuals Exporter,MIDI Effect,Pack,Building Max Devices,1,1,,2025-11-20,63,//Volumes/Crucial X9/Remote Music/Ableton/Factory Packs Remote/Building Max Devices/Part 4 - Examples/Visuals/Visuals Builder/Devices/Visuals Exporter.amxd
Void,Audio Effect,Project copy,Remote Music,7,1,,2026-06-22,349,//Volumes/Crucial X9/Remote Music/Ableton/Downloaded & Third-Party/3rd Party/Opal Project/Void.amxd
Warp Markers,Audio Effect,Pack,Building Max Devices,1,1,,2025-11-20,86,//Volumes/Crucial X9/Remote Music/Ableton/Factory Packs Remote/Building Max Devices/Part 4 - Examples/Controlling Live/Warp Markers/Devices/Warp Markers.amxd
WavetableDrone,Instrument,Elsewhere on disk,Remote Music,1,1,,2025-12-24,58,//Volumes/Crucial X9/Remote Music/Ableton/Downloaded & Third-Party/Remo de Vico M4L devic es and samples/WavetableDrone.amxd
Widen,Audio Effect,User Library,User Library,2,1,,2024-08-15,42,//Volumes/Crucial X9/Remote Music/Ableton/User Library/Presets/Audio Effects/Max Audio Effect/Imported/Widen.amxd
XY,Audio Effect,Pack,Building Max Devices,1,1,,2025-11-20,128,//Volumes/Crucial X9/Remote Music/Ableton/Factory Packs Remote/Building Max Devices/Part 4 - Examples/Controlling Live/XY Controller/Devices/XY.amxd
XY Controller,Audio Effect,Pack,Building Max Devices,1,1,,2025-11-20,128,//Volumes/Crucial X9/Remote Music/Ableton/Factory Packs Remote/Building Max Devices/Part 4 - Examples/Controlling Live/XY Controller/Devices/XY Controller.amxd
XY Pad,Audio Effect,Pack,Max for Live Essentials,1,1,,2025-10-22,728,//Volumes/Crucial X9/Remote Music/Ableton/Factory Packs Remote/Max for Live Essentials/Max Audio Effect/Control Devices/XY Pad.amxd
YT Sampler,Audio Effect,User Library,User Library,1,1,,2026-07-11,46,//Volumes/Crucial X9/Remote Music/Ableton/User Library/Presets/Audio Effects/Max Audio Effect/Imported/YT Sampler.amxd
YT Sampler-1,Audio Effect,User Library,User Library,2,1,,2026-07-13,90,//Volumes/Crucial X9/Remote Music/Ableton/User Library/Presets/Audio Effects/Max Audio Effect/Imported/YT Sampler-1.amxd
